hhid,s1q2,s4q10,s4q11,s4q12,s4q13,s4q14,s4q15,s4q16,s4q17,s4q18,s4q19,s4q20,s4q21,s4q22,s4q23,s4q24,hhsize,weight,popweight
"0010","Village 1",0,0,2400,0,6000,3000,2000.000061,0,2000.000061,1500,1399.999969,799.9999695,0,0,0,5,5.557168,27.78584
"0011","Village 1",0,0,200,0,0,0,0,0,0,0,0,20,0,0,0,6,5.557168,33.34301
"0012","Village 1",0,0,400,0,0,0,0,0,0,0,0,0,0,0,0,6,5.557168,33.34301
"0014","Village 1",0,0,250,0,0,0,0,0,0,0,0,0,0,0,0,14,5.557168,77.80036
"0015","Village 1",7000,0,0,0,0,0,2000,0,500,0,0,0,0,0,0,2,5.557168,11.11434
"0021","Village 1",0,0,650,0,0,0,0,0,0,0,0,0,0,0,75,6,5.557168,33.34301
"0025","Village 1",0,0,0,0,0,0,0,0,0,0,0,0,0,0,0,1,5.557168,5.557168
"0031","Village 1",0,0,200,0,0,0,0,0,0,0,0,0,0,0,0,4,5.557168,22.22867
"0033","Village 1",0,1500,120,0,0,0,0,0,0,0,0,0,0,0,0,2,5.557168,11.11434
"0034","Village 1",0,0,4000,0,0,0,0,0,0,0,0,500,0,0,0,5,5.557168,27.78584
"0039","Village 1",0,0,120,0,0,0,0,0,0,0,0,0,0,0,0,5,5.557168,27.78584
"0042","Village 1",0,0,0,0,0,0,0,0,0,0,0,0,0,0,0,3,5.557168,16.6715
"0046","Village 1",0,0,500,0,0,0,0,0,0,0,0,0,0,0,0,5,5.557168,27.78584
"0050","Village 1",0,125,500,0,0,0,0,0,0,0,0,0,0,0,0,11,5.557168,61.12885
"0051","Village 1",0,0,720,0,0,0,0,0,0,0,0,0,79.99999809,0,0,9,5.557168,50.01451
"0057","Village 1",0,0,800,0,0,0,0,0,0,0,700,0,0,0,0,4,5.557168,22.22867
"0072","Village 1",0,0,159.9999962,0,0,0,0,0,0,0,0,0,150,0,0,8,5.557168,44.45735
"0092","Village 1",0,0,3000,0,0,0,0,0,0,0,0,0,0,0,0,9,5.557168,50.01451
"0095","Village 1",0,0,0,0,0,0,0,0,0,0,0,0,0,0,0,6,5.557168,33.34301
"0101","Village 1",0,750.0000229,3599.999939,0,0,0,0,0,0,0,0,0,0,0,0,10,5.557168,55.57169
"0103","Village 1",0,0,0,0,0,0,0,0,0,0,0,0,0,0,0,8,5.557168,44.45735
"0106","Village 1",0,0,1000.000031,0,0,0,0,0,0,0,0,0,199.9999924,0,0,11,5.557168,61.12885
"0107","Village 1",0,0,0,0,0,0,0,0,0,0,0,0,0,0,0,7,5.557168,38.90018
"0117","Village 1",0,0,0,0,0,0,0,0,0,0,0,0,0,0,0,9,5.557168,50.01451
"0118","Village 1",0,0,540,0,0,0,0,0,0,0,0,40,0,0,0,5,5.557168,27.78584
"0119","Village 1",500,0,240,0,0,0,0,0,0,5000,0,100,0,0,0,2,5.557168,11.11434
"0125","Village 1",0,3000,1500,0,0,0,0,699.9999847,0,0,3499.999878,399.9999847,0,0,1000.000031,7,5.557168,38.90018
"0127","Village 1",0,0,6,0,0,0,0,0,0,0,0,0,0,0,0,8,5.557168,44.45735
"0135","Village 1",0,0,3000.000092,0,0,0,0,0,0,0,0,0,0,0,0,10,5.557168,55.57169
"0138","Village 1",0,0,360,0,0,0,0,0,0,0,0,0,0,0,0,6,5.557168,33.34301
"0145","Village 1",0,0,600,0,0,0,0,0,0,0,0,200,0,0,0,4,5.557168,22.22867
"0154","Village 1",0,600,1000,0,0,0,0,0,0,0,0,0,800,0,0,7,5.557168,38.90018
"0155","Village 1",0,0,0,0,0,0,0,0,0,0,0,0,0,0,0,9,5.557168,50.01451
"0166","Village 1",0,0,0,0,0,0,0,0,0,0,0,0,0,0,0,4,5.557168,22.22867
"0167","Village 1",0,0,0,0,0,0,0,0,0,0,0,0,0,0,0,6,5.557168,33.34301
"0168","Village 1",24000,0,1000.000031,199.9999924,0,12000,0,0,6000,0,0,0,0,0,500.0000153,5,5.557168,27.78584
"0169","Village 1",0,0,39.99999905,0,0,0,0,0,0,0,0,0,0,0,0,7,5.557168,38.90018
"0172","Village 1",200,0,120,0,0,0,0,0,0,0,400,0,0,0,0,3,5.557168,16.6715
"0174","Village 1",0,566.666687,2000,1500,0,0,0,0,0,0,0,0,0,0,0,5,5.557168,27.78584
"0177","Village 1",0,0,0,0,0,0,0,0,0,0,0,0,0,0,0,6,5.557168,33.34301
"0179","Village 1",0,0,0,0,0,0,0,0,0,0,0,0,0,0,0,5,5.557168,27.78584
"0180","Village 1",0,0,0,0,0,0,1200,0,0,0,0,0,1200,0,0,2,5.557168,11.11434
"0181","Village 1",0,5,33,8,0,0,100,0,0,0,0,0,0,0,0,10,5.557168,55.57169
"0184","Village 1",0,0,5,0,0,0,0,0,0,0,0,0,0,0,0,5,5.557168,27.78584
"0186","Village 1",0,0,280,0,0,0,0,0,0,0,0,0,0,0,0,8,5.557168,44.45735
"0188","Village 1",0,0,15,0,0,0,0,0,0,0,0,0,0,0,0,14,5.557168,77.80036
"0191","Village 1",0,0,500.0000153,0,0,0,0,0,0,0,0,0,0,0,0,10,5.557168,55.57169
"0211","Village 1",0,0,0,0,0,0,0,0,0,0,0,0,0,0,0,8,5.557168,44.45735
"0217","Village 1",0,0,300,0,0,0,0,0,0,0,0,0,0,0,0,8,5.557168,44.45735
"0230","Village 1",2.000000015,2.000000015,1800,0,0,0,0,0,0,0,0,0,0,0,0,10,5.557168,55.57169
"0236","Village 2",0,0,0,0,0,0,0,0,0,0,0,0,0,0,0,1,5.557168,5.557168
"0238","Village 2",12000.00037,1983.333405,2160.000092,0,0,0,0,0,0,0,0,0,0,0,0,12,5.557168,66.68602
"0244","Village 2",0,0,0,0,0,0,0,0,0,0,0,0,0,0,0,8,5.557168,44.45735
"0250","Village 2",0,500,700,0,0,0,0,0,0,0,0,0,0,0,0,6,5.557168,33.34301
"0251","Village 2",0,699.9999847,960,0,0,0,0,0,0,0,0,0,0,0,0,9,5.557168,50.01451
"0266","Village 2",0,0,16,0,0,0,0,0,0,0,0,0,0,0,0,4,5.557168,22.22867
"0287","Village 2",20000,1133.333374,2000,0,0,30000,0,0,10000,0,5300,3000,1000,0,0,7,5.557168,38.90018
"0291","Village 2",0,0,500,0,0,0,0,0,0,0,0,0,0,0,0,7,5.557168,38.90018
"0301","Village 2",0,0,210,0,0,0,0,0,0,0,0,0,0,0,0,8,5.557168,44.45735
"0308","Village 2",0,0,0,0,0,0,0,0,0,0,0,0,0,0,0,3,5.557168,16.6715
"0314","Village 2",0,0,0,5000,0,0,0,0,0,0,0,0,0,0,0,9,5.557168,50.01451
"0332","Village 2",0,0,42.99999905,4.000000119,0,0,0,0,0,0,0,0,0,0,0,8,5.557168,44.45735
"0337","Village 2",0,0,540,0,0,0,90,0,0,0,0,0,0,0,0,8,5.557168,44.45735
"0353","Village 2",0,0,120,0,0,0,0,0,0,0,0,0,0,0,0,2,5.557168,11.11434
"0356","Village 2",0,0,400,0,0,0,0,0,0,0,0,0,0,0,0,6,5.557168,33.34301
"0357","Village 2",0,0,90,0,0,0,0,0,0,0,0,0,0,0,0,2,5.557168,11.11434
"0360","Village 2",1,1,120,1500,15000,0,0,0,2000,0,500,0,0,500,0,1,5.557168,5.557168
"0367","Village 2",0,0,290,0,0,0,0,0,0,0,0,0,0,0,0,4,5.557168,22.22867
"0368","Village 2",0,0,600,0,0,0,0,0,0,0,0,0,0,0,0,6,5.557168,33.34301
"0381","Village 2",0,0,0,0,0,0,0,0,0,0,0,0,0,0,0,4,5.557168,22.22867
"0388","Village 2",0,0,900,0,0,0,0,0,0,0,0,0,0,0,0,5,5.557168,27.78584
"0394","Village 2",0,850,720,0,0,0,0,0,0,0,0,0,0,0,0,5,5.557168,27.78584
"0397","Village 2",0,600,0,0,0,0,0,0,0,0,0,0,0,0,0,9,5.557168,50.01451
"0401","Village 2",0,500,1500,0,0,0,0,100,200,0,0,0,0,0,0,7,5.557168,38.90018
"0410","Village 2",0,2000,1050,2200,0,0,0,0,0,0,0,20,0,0,0,3,5.557168,16.6715
"0418","Village 2",0,0,0,0,0,0,0,0,0,0,0,0,0,0,0,6,5.557168,33.34301
"0426","Village 2",0,0,300,0,0,0,0,30,0,0,0,0,0,0,0,5,5.557168,27.78584
"0433","Village 2",0,0,150,0,0,0,0,0,0,0,0,0,0,0,0,6,5.557168,33.34301
"0440","Village 2",0,0,0,0,0,0,0,0,0,0,0,0,0,0,0,1,5.557168,5.557168
"0452","Village 3",6000,750,500,800,0,0,0,0,0,0,0,0,50,0,0,12,5.557168,66.68602
"0454","Village 3",0,0,700,2700,0,0,0,0,0,0,0,0,0,0,0,11,5.557168,61.12885
"0461","Village 3",0,0,0,0,0,0,0,99.99999619,0,0,0,49.99999809,0,0,0,8,5.557168,44.45735
"0464","Village 3",0,0,50,0,0,0,0,0,0,0,0,0,0,0,0,6,5.557168,33.34301
"0465","Village 3",0,0,500,0,0,0,0,0,0,0,0,0,0,0,0,6,5.557168,33.34301
"0468","Village 3",0,0,0,0,0,0,0,0,0,0,0,0,0,0,0,2,5.557168,11.11434
"0478","Village 3",0,0,200,0,0,0,0,0,0,0,0,0,0,0,0,6,5.557168,33.34301
"0483","Village 3",0,0,120,0,0,0,0,0,0,0,0,0,0,0,99.99999619,7,5.557168,38.90018
"0488","Village 3",0,0,0,0,0,0,0,0,0,0,0,0,0,0,0,5,5.557168,27.78584
"0490","Village 3",0,0,300,0,0,0,0,0,0,0,0,0,0,0,0,5,5.557168,27.78584
"0494","Village 3",0,0,1789.999954,0,0,0,0,0,0,0,0,0,250.0000076,0,0,10,5.557168,55.57169
"0495","Village 3",0,700,4859.999939,0,0,0,0,0,0,0,2000.000061,0,0,0,0,15,5.557168,83.35753
"0501","Village 3",0,0,0,0,0,0,0,0,0,0,0,0,0,0,0,2,5.557168,11.11434
"0513","Village 3",0,0,0,0,0,0,0,0,0,0,0,0,0,0,0,6,5.557168,33.34301
"0516","Village 3",0,0,150,0,0,0,0,0,0,0,0,0,0,0,0,7,5.557168,38.90018
"0517","Village 3",0,0,300,0,0,0,0,0,0,0,0,0,0,0,0,9,5.557168,50.01451
"0534","Village 3",0,2700,1700,7000,0,0,0,0,0,0,0,0,0,0,0,14,5.557168,77.80036
"0541","Village 3",0,0,200,0,0,0,0,0,0,0,0,0,0,0,0,7,5.557168,38.90018
"0542","Village 3",0,0,8000,0,0,0,0,0,0,0,0,0,3.000000119,6.999999881,0,14,5.557168,77.80036
"0550","Village 3",0,0,1050,0,0,0,0,0,0,0,0,0,0,0,199.9999924,6,5.557168,33.34301
"0557","Village 3",900,0,199.9999924,0,0,0,0,0,0,0,0,0,0,0,60,6,5.557168,33.34301
"0559","Village 3",0,0,180,0,0,0,0,0,0,0,0,0,0,0,0,5,5.557168,27.78584
"0567","Village 3",0,0,500.0000153,0,0,0,0,0,2000.000061,0,0,0,0,0,0,9,5.557168,50.01451
"0573","Village 3",0,0,100,0,0,0,0,0,0,0,0,0,0,0,0,2,5.557168,11.11434
"0581","Village 3",0,0,2000,0,0,0,0,0,0,0,0,0,260,0,0,7,5.557168,38.90018
"0583","Village 3",0,0,0,0,0,0,0,0,0,0,0,0,0,0,0,4,5.557168,22.22867
"0584","Village 3",0,0,120,0,0,0,0,0,0,0,0,0,0,0,0,6,5.557168,33.34301
"0585","Village 3",0,0,0,0,0,0,0,0,0,0,0,0,0,0,0,1,5.557168,5.557168
"0604","Village 3",0,0,0,0,0,0,0,0,0,0,0,0,0,0,0,6,5.557168,33.34301
"0613","Village 3",0,0,50,0,0,0,0,0,0,0,0,0,0,0,20,3,5.557168,16.6715
"0617","Village 3",0,1000,0,450,0,0,0,0,0,0,0,0,0,0,0,1,5.557168,5.557168
"0634","Village 3",0,0,0,0,0,0,0,0,0,0,0,0,0,0,0,3,5.557168,16.6715
"0637","Village 3",0,0,600,0,0,0,0,0,0,0,0,0,0,0,0,10,5.557168,55.57169
"0638","Village 3",0,0,600,0,0,0,0,0,0,0,0,0,0,0,0,6,5.557168,33.34301
"0642","Village 3",0,0,0,0,0,0,0,0,0,0,0,0,0,0,0,1,5.557168,5.557168
"0646","Village 3",0,0,0,0,0,0,0,0,0,0,0,0,0,0,0,1,5.557168,5.557168
"0647","Village 1",0,850.0000305,0,0,0,0,0,0,0,0,0,0,0,0,0,6,5.557168,33.34301
"0649","Village 1",0,0,0,0,0,0,0,0,0,0,0,0,0,0,0,11,5.557168,61.12885
"0656","Village 1",0,6300,1399.999969,1200,0,0,0,0,0,0,0,0,0,0,0,7,5.557168,38.90018
"0657","Village 1",0,3000,2000.000061,0,0,0,0,0,0,0,0,0,0,0,0,16,5.557168,88.9147
"0665","Village 1",0,0,200,0,0,0,0,0,0,0,0,0,0,0,0,6,5.557168,33.34301
"0673","Village 1",0,500,120,0,0,0,0,0,0,0,0,0,0,0,0,1,5.557168,5.557168
"0678","Village 1",0,0,100,0,0,0,0,0,0,0,0,0,0,0,0,7,5.557168,38.90018
"0684","Village 1",0,0,45,0,0,0,0,0,0,0,0,0,0,0,0,8,5.557168,44.45735
"0701","Village 1",0,0,0,0,0,0,0,0,0,0,0,0,0,0,0,1,5.557168,5.557168
"0703","Village 1",0,0,0,0,0,0,0,0,0,0,0,0,0,0,0,1,5.557168,5.557168
"0705","Village 1",0,0,0,0,0,0,0,0,0,0,0,0,0,0,0,8,5.557168,44.45735
"0714","Village 1",0,0,0,0,0,0,0,0,0,0,0,0,0,0,0,4,5.557168,22.22867
"0715","Village 1",0,0,60,0,0,0,0,0,0,0,0,0,0,0,0,5,5.557168,27.78584
"0718","Village 1",0,0,0,1000,0,0,0,0,0,0,0,0,0,900,420,4,5.557168,22.22867
"0723","Village 1",0,0,0,0,0,0,0,0,0,0,0,0,0,0,0,5,5.557168,27.78584
"0741","Village 1",0,0,4.000000119,79.99999809,0,0,0,0,0,0,0,0,0,0,0,5,5.557168,27.78584
"0742","Village 1",0,0,20,0,0,0,0,0,0,0,0,0,0,0,0,4,5.557168,22.22867
"0751","Village 1",100,0,500,200,0,0,0,0,100,0,0,0,100,0,0,2,5.557168,11.11434
"0761","Village 1",0,0,0,0,0,0,0,0,0,0,0,0,0,0,0,2,5.557168,11.11434
"0763","Village 1",0,0,3600,0,0,0,0,0,0,0,0,0,0,0,0,7,5.557168,38.90018
"0765","Village 1",0,0,0,0,0,0,0,0,0,0,0,0,0,0,0,5,5.557168,27.78584
"0769","Village 1",0,2000,900,5000,0,0,50,0,0,0,0,0,700,0,0,7,5.557168,38.90018
"0773","Village 1",0,0,0,0,0,0,0,0,0,0,0,0,0,0,0,7,5.557168,38.90018
"0774","Village 1",0,0,0,0,0,0,0,0,0,0,0,0,0,0,0,4,5.557168,22.22867
"0784","Village 1",0,849.9999847,49.99999809,0,0,0,0,0,0,0,0,0,0,0,0,13,5.557168,72.24319
"0789","Village 1",0,0,80,0,0,0,0,0,0,0,0,0,0,0,0,6,5.557168,33.34301
"0793","Village 1",0,0,0,0,0,0,0,0,0,0,0,0,0,0,0,9,5.557168,50.01451
"0795","Village 1",0,0,2000,0,0,0,0,0,0,0,0,0,0,0,0,4,5.557168,22.22867
"0798","Village 1",0,0,0,0,0,0,0,0,0,0,50,0,0,0,0,3,5.557168,16.6715
"0805","Village 1",0,0,2579.999924,0,0,0,0,0,0,0,0,0,0,0,0,17,5.557168,94.47186
"0806","Village 1",0,0,480,0,0,0,0,0,0,0,0,0,0,0,0,9,5.557168,50.01451
"0814","Village 1",0,0,0,0,0,0,0,0,0,0,0,0,0,0,0,1,5.557168,5.557168
"0815","Village 1",1000.000031,750.0000229,2499.999939,1500.000046,0,0,0,0,0,0,0,0,149.9999943,0,0,11,5.557168,61.12885
"0817","Village 1",0,850,400,0,0,0,0,0,0,0,0,0,0,0,0,2,5.557168,11.11434
"0819","Village 1",0,0,600,0,0,0,0,0,0,0,0,0,0,0,0,7,5.557168,38.90018
"0827","Village 1",0,0,3,0,0,0,0,0,0,0,0,0,0,0,0,5,5.557168,27.78584
"0829","Village 1",0,0,0,0,0,0,0,0,0,0,0,0,0,0,0,6,5.557168,33.34301
"0834","Village 1",0,500,300,0,0,0,0,0,0,0,0,0,0,0,0,9,5.557168,50.01451
"0835","Village 1",0,250,500,0,0,0,0,0,0,0,0,0,0,0,0,3,5.557168,16.6715
"0839","Village 1",0,0,540,4500,0,0,0,0,0,0,0,0,0,0,500.0000153,9,5.557168,50.01451
"0842","Village 1",0,0,600,1800,0,0,0,0,0,0,0,0,160,0,0,6,5.557168,33.34301
"0852","Village 1",0,0,160,0,0,0,0,0,0,0,0,0,0,0,0,7,5.557168,38.90018
"0853","Village 1",0,0,0,0,0,0,0,0,0,0,0,0,0,0,0,8,5.557168,44.45735
"0855","Village 1",0,0,0,0,0,0,0,0,0,0,0,0,0,0,0,6,5.557168,33.34301
"0861","Village 1",0,0,360,0,0,0,0,0,0,0,0,40,0,0,0,4,5.557168,22.22867
"0862","Village 1",0,1000,240,2000,0,0,0,0,0,0,0,0,0,0,0,2,5.557168,11.11434
"0870","Village 1",0,350,650,0,0,0,0,0,0,0,3000,0,0,0,20,6,5.557168,33.34301
"0873","Village 2",0,0,120,800,0,0,0,0,0,30,0,0,0,0,0,4,5.557168,22.22867
"0876","Village 2",0,0,0,0,0,0,0,0,0,0,0,0,0,0,0,8,5.557168,44.45735
"0886","Village 2",0,0,0,0,0,0,0,0,0,0,0,0,0,0,0,3,5.557168,16.6715
"0888","Village 2",0,0,100,0,0,0,0,0,0,0,0,0,0,0,0,6,5.557168,33.34301
"0889","Village 2",0,1500,1000,0,0,3000,233.3333282,0,1200,0,0,0,0,0,0,3,5.557168,16.6715
"0902","Village 2",0,0,0,0,0,0,0,0,0,0,0,0,0,0,0,6,5.557168,33.34301
"0904","Village 2",0,0,0,0,0,0,0,0,0,0,0,0,0,0,0,4,5.557168,22.22867
"0912","Village 2",0,0,0,0,0,0,0,0,0,0,0,0,0,0,0,3,5.557168,16.6715
"0914","Village 2",0,0,0,0,0,0,0,0,0,0,0,0,0,0,0,5,5.557168,27.78584
"0915","Village 2",0,0,100,0,0,0,0,0,0,0,0,0,0,0,0,2,5.557168,11.11434
"0917","Village 2",0,0,500,0,0,0,0,0,0,0,0,0,0,0,0,9,5.557168,50.01451
"0928","Village 2",0,0,2000,0,0,0,0,0,0,0,0,0,0,0,0,8,5.557168,44.45735
"0933","Village 2",0,0,199.9999924,1000.000031,0,0,0,0,0,0,0,0,0,0,0,6,5.557168,33.34301
"0934","Village 2",0,1000.000031,360,0,0,0,0,0,0,0,0,0,0,0,0,3,5.557168,16.6715
"0936","Village 2",0,0,0,0,0,0,0,0,0,0,0,0,0,0,0,1,5.557168,5.557168
"0950","Village 2",0,399.9999847,220.0000076,0,0,0,0,0,0,0,0,0,0,0,0,4,5.557168,22.22867
"0952","Village 2",0,2700,1500,6300,0,2000.000061,2499.999939,1000.000031,1000.000031,0,1200,0,600,0,0,10,5.557168,55.57169
"0960","Village 2",0,0,0,0,0,0,0,0,0,0,0,0,0,0,0,4,5.557168,22.22867
"0962","Village 2",0,0,0,0,0,0,0,0,0,0,0,0,0,0,0,5,5.557168,27.78584
"0970","Village 2",0,500,500,0,0,0,0,0,0,0,0,100,0,0,100,7,5.557168,38.90018
"0972","Village 2",0,0,150,0,0,0,0,0,0,0,0,0,0,0,70,5,5.557168,27.78584
"0977","Village 2",1000.000031,0,440.0000153,1000.000031,0,0,0,0,0,0,0,0,0,0,0,6,5.557168,33.34301
"1000","Village 2",0,0,0,0,9000,1200,0,0,699.9999847,0,3000,0,0,0,0,5,5.557168,27.78584
"1004","Village 2",0,0,600,0,0,0,0,0,0,0,0,0,360,0,0,6,5.557168,33.34301
"1005","Village 2",0,259.9999924,900,2850,0,0,0,150,0,0,0,199.9999924,0,0,0,4,5.557168,22.22867
"1006","Village 2",0,1500,620,0,0,0,0,0,0,0,0,0,0,0,0,8,5.557168,44.45735
"1007","Village 2",0,0,0,0,0,0,0,0,0,0,0,0,0,0,0,3,5.557168,16.6715
"1011","Village 2",2600,1040,0,0,0,450,0,0,9000,0,0,0,0,4500,0,12,5.557168,66.68602
"1015","Village 2",0,283.3333435,950,1000,0,0,0,0,0,0,0,0,0,0,0,5,5.557168,27.78584
"1017","Village 2",0,283.3333435,570,0,0,2000,0,60,3600,0,450,0,0,0,0,1,5.557168,5.557168
"1019","Village 2",0,0,600,0,0,0,0,0,0,0,0,0,0,0,0,6,5.557168,33.34301
"1020","Village 2",0,800,300,0,0,0,0,0,0,0,0,0,0,0,0,9,5.557168,50.01451
"1021","Village 2",0,2500,480,0,0,0,0,0,0,0,0,0,50,0,0,7,5.557168,38.90018
"1034","Village 2",0,850,3600,0,0,0,0,0,0,0,0,0,500,0,0,8,5.557168,44.45735
"1035","Village 2",9000,0,2000,1400,0,0,0,0,0,0,0,0,1000,0,0,5,5.557168,27.78584
"1036","Village 2",0,0,799.9999924,0,0,0,0,0,0,0,0,0,0,0,0,15,5.557168,83.35753
"1038","Village 2",0,0,0,0,0,0,0,0,0,0,0,0,0,0,0,1,5.557168,5.557168
"1039","Village 2",0,0,0,0,0,0,0,0,0,0,0,0,0,0,0,6,5.557168,33.34301
"1044","Village 2",0,0,0,0,0,0,0,0,0,0,0,0,0,0,0,2,5.557168,11.11434
"1059","Village 2",0,2000,400,2500,0,0,0,0,0,0,0,0,0,0,0,5,5.557168,27.78584
"1064","Village 2",0,0,900,0,0,0,0,0,0,0,0,0,0,0,0,2,5.557168,11.11434
"1069","Village 2",0,0,500.0000153,1599.999939,0,0,0,0,0,0,0,0,0,0,0,9,5.557168,50.01451
"1078","Village 3",0,0,1050,4000,0,0,0,0,0,0,0,0,0,0,0,4,5.557168,22.22867
"1085","Village 3",0,0,100,800,0,0,0,0,0,0,0,0,0,0,0,4,5.557168,22.22867
"1087","Village 3",0,0,80,0,0,0,0,0,0,0,0,0,0,0,0,6,5.557168,33.34301
"1088","Village 3",0,1000.000031,500.0000153,1500,6999.999756,1500,699.9999847,399.9999847,0,0,0,199.9999924,0,0,0,6,5.557168,33.34301
"1095","Village 3",0,0,2500,0,0,0,0,0,0,0,0,0,5,0,0,4,5.557168,22.22867
"1102","Village 3",0,0,0,0,0,0,0,0,0,0,0,0,0,0,0,2,5.557168,11.11434
"1112","Village 3",0,0,0,0,0,0,0,0,0,0,0,0,0,0,0,2,5.557168,11.11434
"1114","Village 3",0,0,0,0,0,0,0,0,0,0,0,0,0,0,0,1,5.557168,5.557168
"1115","Village 3",0,0,1500,0,0,0,0,0,0,0,0,0,0,0,0,8,5.557168,44.45735
"1116","Village 3",0,0,0,0,0,0,0,0,0,0,0,0,0,0,0,1,5.557168,5.557168
"1120","Village 3",1800,400,300,0,0,0,0,0,0,0,0,100,500,0,0,7,5.557168,38.90018
"1123","Village 3",0,0,300,700,0,0,0,0,0,0,0,50,0,0,0,8,5.557168,44.45735
"1126","Village 3",0,0,3100.000122,750,0,0,0,0,0,0,0,0,0,0,0,7,5.557168,38.90018
"1132","Village 3",0,0,600,0,0,0,0,49.99999809,0,0,0,0,0,0,0,5,5.557168,27.78584
"1138","Village 3",0,0,500,0,0,0,0,0,0,0,0,0,0,0,0,8,5.557168,44.45735
"1142","Village 3",0,0,399.9999847,0,0,0,0,0,0,0,0,0,0,0,99.99999619,6,5.557168,33.34301
"1143","Village 3",0,700,500,0,0,0,0,0,0,0,0,0,0,0,0,7,5.557168,38.90018
"1145","Village 3",0,0,0,0,0,0,0,0,0,0,0,0,0,0,0,10,5.557168,55.57169
"1147","Village 3",0,0,0,0,0,0,0,0,0,0,0,0,0,0,0,5,5.557168,27.78584
"1151","Village 3",1.000000015,0,1500,0,0,0,0,0,0,0,0,0,0,0,0,9,5.557168,50.01451
"1153","Village 3",0,850.0000305,1300.000031,699.9999847,0,0,0,0,0,0,0,0,0,0,0,9,5.557168,50.01451
"1163","Village 3",0,0,0,0,0,0,0,0,0,0,0,0,0,0,0,9,5.557168,50.01451
"1167","Village 3",0,0,5400,0,0,0,0,0,0,0,0,0,0,0,0,9,5.557168,50.01451
"1182","Village 3",0,0,0,0,0,0,0,0,0,0,0,0,0,0,0,6,5.557168,33.34301
"1188","Village 3",820,0,0,0,50000,10000,0,0,400,0,2000,55,100,60000,60,3,5.557168,16.6715
"1192","Village 3",0,0,99.99999619,0,0,0,0,0,0,0,0,0,0,0,0,4,5.557168,22.22867
"1196","Village 3",0,0,0,0,0,0,0,0,0,0,0,0,0,0,0,5,5.557168,27.78584
"1201","Village 3",0,1,500,0,0,0,0,0,0,0,0,0,0,0,0,6,5.557168,33.34301
"1207","Village 3",0,0,500,0,0,0,0,0,0,0,0,0,0,0,0,6,5.557168,33.34301
"1211","Village 3",0,0,0,0,0,0,0,0,0,0,0,0,0,0,0,1,5.557168,5.557168
"1216","Village 3",0,4000.000122,4999.999939,0,0,0,0,0,0,0,0,0,0,0,0,11,5.557168,61.12885
"1226","Village 3",0,0,100,0,0,0,0,0,0,0,0,0,0,0,0,5,5.557168,27.78584
"1227","Village 3",0,0,625,0,0,0,0,0,0,0,0,0,0,0,200,7,5.557168,38.90018
"1231","Village 3",0,0,250,0,0,1000,0,0,0,0,0,0,0,0,0,4,5.557168,22.22867
"1235","Village 3",0,0,800,0,0,0,0,100,0,0,0,0,0,0,0,7,5.557168,38.90018
"1236","Village 3",0,0,99.99999619,0,0,0,0,0,0,0,0,0,0,0,0,5,5.557168,27.78584
"1253","Village 3",0,0,21,0,0,0,0,0,0,0,0,0,0,0,0,4,5.557168,22.22867
"1258","Village 3",0,0,1400,2800,0,0,0,0,0,0,0,0,0,0,0,4,5.557168,22.22867
"1267","Village 3",0,0,600,0,0,0,0,0,0,0,0,0,0,0,0,5,5.557168,27.78584
"1268","Village 1",0,0,1120,2700,0,0,0,150,0,0,0,0,0,0,0,13,5.557168,72.24319
"1280","Village 1",0,0,0,0,0,0,0,49.99999809,0,0,0,0,150,0,0,6,5.557168,33.34301
"1281","Village 1",36000,2000,0,4200,0,0,0,0,0,0,0,240,0,0,0,14,5.557168,77.80036
"1293","Village 1",0,0,0,0,0,0,0,0,0,0,0,0,0,0,0,5,5.557168,27.78584
"1301","Village 1",0,0,2000,0,0,0,0,0,0,0,0,0,0,0,0,5,5.557168,27.78584
"1304","Village 1",0,0,799.9999695,0,0,0,0,0,0,0,799.9999695,0,0,0,0,4,5.557168,22.22867
"1308","Village 1",0,0,500.0000153,0,0,0,0,0,0,0,0,0,0,0,0,8,5.557168,44.45735
"1319","Village 1",0,0,600.0000076,0,0,0,0,0,0,0,0,0,0,0,0,12,5.557168,66.68602
"1325","Village 1",0,0,1000,0,3000,1400,0,0,2000,0,1000,0,150,0,0,3,5.557168,16.6715
"1327","Village 1",0,0,0,0,0,0,0,0,0,0,0,0,0,0,0,4,5.557168,22.22867
"1339","Village 1",0,0,0,0,0,100,0,0,0,0,1400,0,0,0,0,1,5.557168,5.557168
"1342","Village 1",0,0,0,0,0,0,0,0,0,0,0,0,0,0,0,8,5.557168,44.45735
"1343","Village 1",0,0,0,0,0,0,0,0,0,0,0,0,0,0,0,4,5.557168,22.22867
"1365","Village 1",0,0,600,1700,0,0,0,0,0,0,0,0,0,0,500,1,5.557168,5.557168
"1367","Village 1",0,0,60,0,0,0,0,0,0,0,0,0,0,0,0,1,5.557168,5.557168
"1368","Village 1",0,1000.000031,4000.000122,0,0,0,0,0,0,0,0,0,0,0,0,8,5.557168,44.45735
"1370","Village 1",7200,4500,600,13000.00049,0,0,0,0,0,0,0,0,3600,0,240,13,5.557168,72.24319
"1374","Village 1",0,0,150,0,0,0,0,0,0,0,0,0,0,0,0,8,5.557168,44.45735
"1375","Village 1",0,2500,1000,0,0,1500,0,0,1000,0,0,1000,0,0,0,7,5.557168,38.90018
"1378","Village 1",6000,2000,200,0,0,0,0,0,0,0,0,0,50,0,0,5,5.557168,27.78584
"1379","Village 1",0,1600,180,0,0,0,0,0,0,0,0,0,0,0,0,4,5.557168,22.22867
"1385","Village 1",0,0,0,0,0,0,0,0,0,0,0,0,0,0,0,7,5.557168,38.90018
"1386","Village 1",0,850.0000305,300,0,0,0,0,0,0,3000,0,0,0,0,0,7,5.557168,38.90018
"1388","Village 1",0,0,550,0,0,0,0,0,0,0,0,0,0,0,0,5,5.557168,27.78584
"1389","Village 1",0,0,160,0,0,0,0,0,0,0,0,0,0,0,0,5,5.557168,27.78584
"1398","Village 1",0,2000,8000,0,0,0,0,0,0,0,0,0,0,0,0,12,5.557168,66.68602
"1400","Village 1",0,980,600,650,0,2400,0,0,3000,0,0,150,0,0,0,2,5.557168,11.11434
"1406","Village 1",0,800,200,0,0,0,0,0,0,0,0,0,0,0,0,6,5.557168,33.34301
"1417","Village 1",0,0,0,0,0,0,0,0,0,0,0,0,0,0,0,4,5.557168,22.22867
"1421","Village 1",0,150,250.0000076,0,0,0,0,0,0,0,0,0,60,0,0,4,5.557168,22.22867
"1422","Village 1",0,0,12,0,0,0,0,0,0,0,0,0,0,0,0,2,5.557168,11.11434
"1425","Village 1",0,0,200,3000,0,48000,0,0,1000,500,2000,200,0,2000,0,4,5.557168,22.22867
"1435","Village 1",0,0,120,0,0,0,0,0,0,0,0,0,0,0,0,4,5.557168,22.22867
"1436","Village 1",449.9999924,0,210,750.0000229,0,0,0,0,0,0,0,0,0,0,0,11,5.557168,61.12885
"1440","Village 1",1500,799.9999695,199.9999924,0,0,0,0,0,0,0,0,0,300,0,0,4,5.557168,22.22867
"1443","Village 1",0,0,60,0,0,0,0,0,0,0,0,0,0,0,0,6,5.557168,33.34301
"1450","Village 1",0,0,200,0,0,0,0,0,0,0,0,0,0,0,0,7,5.557168,38.90018
"1452","Village 1",0,0,1500,0,0,0,0,99.99999619,0,0,0,0,0,0,0,8,5.557168,44.45735
"1453","Village 1",0,0,1000,1300,0,0,0,0,0,0,0,0,0,0,0,1,5.557168,5.557168
"1461","Village 1",0,0,0,0,0,0,0,0,0,0,0,0,0,0,0,7,5.557168,38.90018
"1466","Village 1",0,349.9999924,0,500.0000153,0,0,0,0,0,500.0000153,0,500.0000153,0,0,0,8,5.557168,44.45735
"1467","Village 1",0,0,0,0,0,0,0,0,0,0,0,0,0,0,0,9,5.557168,50.01451
"1474","Village 1",0,0,240,0,0,0,0,0,0,0,0,0,0,0,0,2,5.557168,11.11434
"1479","Village 1",0,900,199.9999924,0,0,0,0,0,0,0,0,0,0,0,0,5,5.557168,27.78584
"1480","Village 1",0,0,0,0,0,0,0,0,0,0,0,0,0,0,0,4,5.557168,22.22867
"1482","Village 1",0,9999.999878,840,14000,12000.00037,3000.000092,2000.000061,0,799.9999924,0,0,0,1200.000015,8000.000244,2499.999969,9,5.557168,50.01451
"1483","Village 1",0,0,300,0,0,0,0,0,0,0,0,0,0,0,0,7,5.557168,38.90018
"1484","Village 1",0,0,120,0,0,0,0,0,0,0,0,0,0,0,0,4,5.557168,22.22867
"1485","Village 1",0,0,2800,0,0,0,0,0,0,0,0,0,0,0,0,9,5.557168,50.01451
"1486","Village 1",0,0,200,0,0,0,0,0,0,0,0,0,50,0,0,3,5.557168,16.6715
"1496","Village 2",0,0,0,0,0,0,0,0,0,0,0,0,0,0,0,1,5.557168,5.557168
"1500","Village 2",0,0,0,0,0,0,0,0,0,0,0,0,0,0,0,2,5.557168,11.11434
"1518","Village 2",0,0,0,0,0,0,0,0,0,0,0,0,0,0,0,1,5.557168,5.557168
"1538","Village 2",0,0,1260,0,0,0,0,0,0,0,1448.571442,0,0,0,0,6,5.557168,33.34301
"1544","Village 2",0,0,0,0,0,0,0,0,0,0,0,0,0,0,0,2,5.557168,11.11434
"1547","Village 2",0,0,600,0,0,0,0,0,0,0,0,0,0,0,0,4,5.557168,22.22867
"1557","Village 2",0,0,0,0,0,0,0,0,0,0,0,0,0,0,0,1,5.557168,5.557168
"1558","Village 2",0,800,0,0,0,0,0,0,0,0,0,0,0,0,0,4,5.557168,22.22867
"1562","Village 2",0,0,0,0,0,0,0,0,0,0,0,0,0,0,0,3,5.557168,16.6715
"1565","Village 2",0,0,90,0,0,0,0,0,0,0,0,0,0,0,0,1,5.557168,5.557168
"1569","Village 2",0,0,0,0,0,0,0,0,0,0,0,0,0,0,0,1,5.557168,5.557168
"1572","Village 2",0,0,100,0,0,0,0,0,0,0,0,0,0,0,0,5,5.557168,27.78584
"1576","Village 2",0,0,1350,2000,0,0,0,0,0,0,0,0,0,0,0,10,5.557168,55.57169
"1586","Village 2",0,0,500,1500,0,0,0,0,0,0,0,0,0,0,0,8,5.557168,44.45735
"1592","Village 2",0,200,240,2000,0,0,0,0,0,0,0,0,0,0,0,7,5.557168,38.90018
"1594","Village 2",0,0,100,0,0,0,0,0,0,0,0,0,0,0,0,3,5.557168,16.6715
"1597","Village 2",0,0,0,0,0,0,0,0,0,0,0,0,0,0,0,3,5.557168,16.6715
"1605","Village 2",0,3500,1450,1200,0,1500,0,2000,2000,0,0,0,0,0,3000,5,5.557168,27.78584
"1608","Village 2",0,3000,240,600,0,1800,0,0,0,0,0,0,200,0,0,6,5.557168,33.34301
"1616","Village 2",6000,1000,2000,2200,0,0,200,200,0,0,0,0,600,0,0,5,5.557168,27.78584
"1621","Village 2",0,0,2000,0,0,0,0,0,0,0,0,0,0,0,0,14,5.557168,77.80036
"1623","Village 2",0,0,0,0,0,0,0,0,0,0,0,0,0,0,0,5,5.557168,27.78584
"1631","Village 2",0,1500.000046,1000.000031,0,0,0,0,0,0,500.0000153,2000.000061,199.9999981,0,0,0,8,5.557168,44.45735
"1635","Village 2",0,0,0,0,0,0,0,0,0,0,0,0,0,0,0,2,5.557168,11.11434
"1638","Village 2",0,0,0,0,0,0,0,0,0,0,0,0,0,0,0,2,5.557168,11.11434
"1641","Village 2",0,0,0,0,0,0,0,0,0,0,0,0,0,0,0,9,5.557168,50.01451
"1642","Village 2",0,0,160,0,0,0,0,0,0,0,0,0,0,0,0,7,5.557168,38.90018
"1651","Village 2",0,0,40,0,0,0,0,0,0,0,0,0,0,0,0,2,5.557168,11.11434
"1656","Village 2",0,0,0,0,0,0,0,0,0,0,0,0,0,0,0,8,5.557168,44.45735
"1660","Village 2",0,0,40,0,0,0,0,0,0,0,0,0,0,0,0,3,5.557168,16.6715
"1666","Village 2",0,0,0,0,0,0,0,0,0,0,0,0,0,0,0,3,5.557168,16.6715
"1668","Village 2",0,0,120,900,6000,0,1100,0,500,0,0,0,0,0,0,3,5.557168,16.6715
"1675","Village 2",0,0,100,0,0,0,0,0,0,0,0,0,0,0,0,5,5.557168,27.78584
"1678","Village 2",0,0,180,0,0,0,0,0,0,0,0,0,0,0,0,4,5.557168,22.22867
"1687","Village 3",0,0,0,0,0,0,0,0,0,0,0,0,0,0,0,3,5.557168,16.6715
"1694","Village 3",0,0,1500.000046,0,0,0,0,0,0,0,0,0,0,0,0,19,5.557168,105.5862
"1715","Village 3",0,0,0,0,0,0,0,0,0,0,0,0,0,0,0,6,5.557168,33.34301
"1716","Village 3",0,0,500,0,0,0,0,0,0,0,0,0,0,0,0,9,5.557168,50.01451
"1717","Village 3",48350.00098,3499.999878,49.99999809,1.00000003,0,9999.999756,0,0,0,0,0,0,6500.000244,0,4999.999878,10,5.557168,55.57169
"1727","Village 3",0,200,2250,0,0,0,0,0,0,0,0,0,0,0,0,9,5.557168,50.01451
"1736","Village 3",0,0,1350,0,0,0,0,0,0,0,0,0,0,0,0,7,5.557168,38.90018
"1740","Village 3",0,0,900,0,0,0,0,0,0,0,0,0,0,0,750.0000229,12,5.557168,66.68602
"1742","Village 3",0,0,10,0,0,0,0,0,0,0,0,0,0,0,0,2,5.557168,11.11434
"1743","Village 3",3000,949.9999695,1500,2000.000061,0,0,0,0,0,0,0,0,300,0,0,7,5.557168,38.90018
"1747","Village 3",0,0,500.0000153,0,0,0,0,0,0,0,0,0,0,0,0,9,5.557168,50.01451
"1749","Village 3",0,0,500.0000153,0,0,0,0,0,0,0,0,0,0,0,0,6,5.557168,33.34301
"1760","Village 3",0,0,300,0,0,0,0,0,0,0,0,0,0,0,0,9,5.557168,50.01451
"1762","Village 3",0,0,420,450,0,0,0,0,0,0,0,20,0,0,0,2,5.557168,11.11434
"1769","Village 3",0,800,0,0,0,0,0,0,0,0,0,0,0,0,0,2,5.557168,11.11434
"1777","Village 3",0,0,599.9999771,399.9999847,0,0,0,0,0,0,0,0,0,0,80.00000381,11,5.557168,61.12885
"1780","Village 3",0,0,120,3600,0,0,0,0,0,0,0,0,0,0,600,6,5.557168,33.34301
"1781","Village 3",0,0,0,0,0,0,0,0,0,0,0,0,0,0,0,5,5.557168,27.78584
"1784","Village 3",0,0,0,0,0,0,0,0,0,0,0,0,0,0,0,7,5.557168,38.90018
"1793","Village 3",0,0,150,0,0,0,0,0,0,0,0,0,0,0,60,6,5.557168,33.34301
"1795","Village 3",0,0,300,0,0,0,0,0,0,0,0,0,0,0,0,3,5.557168,16.6715
"1796","Village 3",0,0,0,0,0,0,0,0,0,0,0,0,0,0,0,7,5.557168,38.90018
"1798","Village 3",0,0,200,0,0,0,0,0,0,0,0,0,0,0,0,6,5.557168,33.34301
"1804","Village 3",0,1000,800,0,0,0,0,0,0,0,0,0,0,0,0,10,5.557168,55.57169
"1807","Village 3",0,750,525,0,0,0,0,0,0,0,0,0,0,0,0,11,5.557168,61.12885
"1825","Village 3",0,0,300,0,0,0,0,0,0,0,0,0,0,0,0,2,5.557168,11.11434
"1826","Village 3",0,0,360,0,0,0,0,0,0,0,0,0,0,0,30,8,5.557168,44.45735
"1827","Village 3",0,0,0,0,0,0,0,0,0,0,0,0,0,0,0,2,5.557168,11.11434
"1841","Village 3",0,0,300,0,0,0,0,0,0,0,0,0,0,0,0,5,5.557168,27.78584
"1842","Village 3",0,0,20,0,0,0,0,0,0,0,0,0,0,0,20,2,5.557168,11.11434
"1844","Village 3",0,0,0,0,0,0,0,0,0,0,0,0,0,0,0,15,5.557168,83.35753
"1845","Village 3",0,0,150,0,0,0,0,0,0,0,0,0,0,0,0,3,5.557168,16.6715
"1846","Village 3",0,0,10,0,0,0,0,0,0,0,0,0,0,0,0,7,5.557168,38.90018
"1856","Village 3",0,0,0,0,0,0,0,0,0,0,0,0,0,0,0,1,5.557168,5.557168
"1862","Village 3",0,0,0,0,0,0,0,0,0,0,0,0,0,0,0,1,5.557168,5.557168
"1864","Village 3",0,0,0,0,0,0,0,0,0,0,0,0,0,0,0,12,5.557168,66.68602
"1870","Village 3",0,2100,500.0000153,0,0,0,0,0,0,0,0,0,0,0,0,8,5.557168,44.45735
"1877","Village 1",7000,280,800,500,2291.666504,800,0,0,500,0,0,50,150,0,0,1,5.557168,5.557168
"1878","Village 1",0,0,99.99999619,0,0,0,0,0,0,0,0,19.99999952,0,0,0,6,5.557168,33.34301
"1880","Village 1",0,2.000000015,40.00000191,2.000000015,0,0,0,0,0,0,0,0,2499.999939,0,0,10,5.557168,55.57169
"1881","Village 1",0,0,0,0,0,0,0,0,0,0,0,0,0,0,0,4,5.557168,22.22867
"1882","Village 1",0,0,199.9999924,0,0,0,0,30,0,0,0,0,0,0,0,5,5.557168,27.78584
"1885","Village 1",0,0,99.99999619,0,0,0,0,0,0,0,0,0,0,0,0,5,5.557168,27.78584
"1915","Village 1",0,700,980,0,0,0,0,0,0,0,0,0,0,0,0,5,5.557168,27.78584
"1917","Village 1",0,0,280.0000076,0,0,0,0,0,0,0,0,0,0,0,0,4,5.557168,22.22867
"1935","Village 1",0,0,100,0,0,0,0,0,0,0,0,0,0,0,0,5,5.557168,27.78584
"1941","Village 1",0,0,0,0,0,0,0,0,0,0,0,0,0,0,0,5,5.557168,27.78584
"1943","Village 1",0,0,500,0,24000,0,0,100,50,0,0,0,0,0,0,6,5.557168,33.34301
"1946","Village 1",0,600,300,0,0,0,0,0,0,0,0,0,0,0,0,2,5.557168,11.11434
"1947","Village 1",32000.00098,2000.000061,2000.000061,4200,0,13499.99988,0,551.9999771,0,0,15000.00024,0,0,0,0,9,5.557168,50.01451
"1948","Village 1",0,0,80,0,0,0,0,0,20,0,0,0,0,0,0,5,5.557168,27.78584
"1959","Village 1",0,800,100,0,0,0,0,0,200,0,0,0,50,0,0,1,5.557168,5.557168
"1967","Village 1",0,0,0,0,0,0,0,0,0,0,0,0,0,0,0,4,5.557168,22.22867
"1969","Village 1",0,850.0000305,1000.000031,0,0,0,0,0,0,0,4000.000122,0,0,0,0,5,5.557168,27.78584
"1972","Village 1",0,0,0,0,0,0,0,20,0,0,0,0,0,0,0,4,5.557168,22.22867
"1979","Village 1",0,0,360,0,0,0,0,0,0,0,0,0,0,0,0,6,5.557168,33.34301
"1987","Village 1",0,0,120,450,0,800,0,0,400,0,5000,0,0,0,0,2,5.557168,11.11434
"1989","Village 1",0,0,60,0,0,0,0,0,0,0,0,0,0,0,0,6,5.557168,33.34301
"1995","Village 1",0,0,0,0,0,0,0,0,0,0,0,0,0,0,0,2,5.557168,11.11434
"1997","Village 1",0,0,400,0,0,0,0,0,0,0,0,0,0,0,0,9,5.557168,50.01451
"1999","Village 1",0,0,250,0,0,0,0,0,0,0,500,0,0,0,0,7,5.557168,38.90018
"2003","Village 1",0,650,3000,1500,0,0,0,0,0,0,0,0,0,0,0,5,5.557168,27.78584
"2009","Village 1",0,0,160,0,0,0,0,0,0,0,0,0,0,0,0,8,5.557168,44.45735
"2010","Village 1",0,0,240,1600,0,72000,0,0,0,0,0,0,0,48000,0,8,5.557168,44.45735
"2013","Village 1",0,0,0,0,0,0,0,0,0,0,0,0,0,0,0,6,5.557168,33.34301
"2014","Village 1",0,0,500,0,0,0,0,0,0,0,0,0,0,0,0,10,5.557168,55.57169
"2015","Village 1",0,0,200,0,0,0,0,0,0,0,0,0,0,0,130,3,5.557168,16.6715
"2017","Village 1",0,0,0,0,0,0,0,0,0,0,0,0,0,0,0,3,5.557168,16.6715
"2024","Village 1",0,0,480,800,0,1500,0,850,0,0,2900,110,300,0,0,5,5.557168,27.78584
"2027","Village 1",0,1500,250,0,0,0,0,0,0,0,0,0,0,0,0,1,5.557168,5.557168
"2029","Village 1",0,0,280,0,0,0,0,0,0,0,0,0,0,0,0,5,5.557168,27.78584
"2038","Village 1",0,0,600,0,0,0,0,3000,0,0,0,0,0,0,0,6,5.557168,33.34301
"2046","Village 1",0,0,0,0,0,0,0,0,0,0,0,0,0,0,0,2,5.557168,11.11434
"2050","Village 1",0,0,120,0,0,0,0,0,0,0,0,0,50,0,0,4,5.557168,22.22867
"2053","Village 1",0,0,120,0,0,0,0,0,0,0,0,0,0,0,0,2,5.557168,11.11434
"2054","Village 1",0,0,0,0,0,0,0,0,0,0,0,0,0,0,0,4,5.557168,22.22867
"2056","Village 1",1640,1400,850,600,20000,13000,0,100,10000,0,5600,0,100,6000,0,2,5.557168,11.11434
"2067","Village 1",0,0,700,1400,0,0,0,0,0,0,0,0,0,0,0,3,5.557168,16.6715
"2076","Village 1",0,0,0,300,0,0,0,0,0,0,0,0,0,0,0,7,5.557168,38.90018
"2080","Village 1",0,0,120,0,0,0,0,0,1000,0,0,0,0,0,0,3,5.557168,16.6715
"2081","Village 1",0,0,1500.000046,3500,0,0,0,0,0,0,0,0,0,0,0,14,5.557168,77.80036
"2082","Village 1",0,0,99.99999619,0,0,0,0,0,0,0,0,0,0,0,0,8,5.557168,44.45735
"2100","Village 2",0,0,960.0000076,0,0,0,0,0,0,0,0,0,499.9999847,0,0,12,5.557168,66.68602
"2124","Village 2",0,0,0,0,0,0,0,0,0,0,0,0,0,0,0,2,5.557168,11.11434
"2129","Village 2",0,0,0,0,0,0,0,0,0,0,0,0,0,0,0,2,5.557168,11.11434
"2136","Village 2",0,0,0,0,0,0,0,0,0,0,0,0,0,0,0,1,5.557168,5.557168
"2138","Village 2",0,0,0,0,0,0,0,0,0,0,0,0,0,0,0,1,5.557168,5.557168
"2156","Village 2",0,6000,1000,8000,18000,15000,0,0,36000,0,0,0,0,0,0,5,5.557168,27.78584
"2157","Village 2",0,0,40,0,0,0,0,0,0,0,0,0,0,0,0,3,5.557168,16.6715
"2160","Village 2",0,3000,3000,0,0,0,0,0,0,0,0,0,0,0,0,5,5.557168,27.78584
"2166","Village 2",0,0,0,0,0,0,0,0,0,0,0,0,0,0,0,6,5.557168,33.34301
"2167","Village 2",0,0,200,0,0,0,0,0,0,0,0,0,0,0,0,9,5.557168,50.01451
"2168","Village 2",0,550,600,3000,0,0,0,1700,5400,50,0,0,1500,0,0,7,5.557168,38.90018
"2173","Village 2",0,0,4999.999939,0,0,0,0,0,0,0,0,0,0,0,0,9,5.557168,50.01451
"2174","Village 2",0,0,0,0,0,0,0,0,0,0,0,0,0,0,0,4,5.557168,22.22867
"2175","Village 2",0,0,0,0,0,0,0,0,0,0,0,0,0,0,0,4,5.557168,22.22867
"2182","Village 2",0,0,1650,4500,0,0,0,0,0,0,0,0,0,0,0,5,5.557168,27.78584
"2186","Village 2",0,0,0,0,0,0,0,0,0,0,0,0,0,0,0,1,5.557168,5.557168
"2189","Village 2",0,0,0,0,0,0,0,0,0,0,0,0,0,0,0,1,5.557168,5.557168
"2190","Village 2",0,0,0,0,0,0,0,0,0,0,0,0,0,0,0,1,5.557168,5.557168
"2195","Village 2",0,0,0,0,0,0,0,0,0,0,0,0,0,0,0,6,5.557168,33.34301
"2196","Village 2",0,0,10,0,0,0,0,0,0,0,0,0,0,0,0,7,5.557168,38.90018
"2201","Village 2",0,0,0,0,0,0,0,0,0,0,0,0,0,0,0,8,5.557168,44.45735
"2202","Village 2",0,0,270,0,0,0,0,0,0,0,0,0,0,0,0,6,5.557168,33.34301
"2209","Village 2",0,0,0,1700,0,0,0,0,0,0,0,0,0,0,0,2,5.557168,11.11434
"2213","Village 2",0,0,0,0,0,0,0,0,0,0,0,0,0,0,0,7,5.557168,38.90018
"2214","Village 2",0,0,0,0,0,0,0,0,0,0,0,0,0,0,0,8,5.557168,44.45735
"2215","Village 2",0,0,300,0,0,0,0,0,0,0,0,0,0,0,0,6,5.557168,33.34301
"2229","Village 2",700.0000076,4399.999969,1360.000031,1400.000015,0,0,0,0,0,0,0,99.99999619,180,0,0,12,5.557168,66.68602
"2230","Village 2",0,0,5000,0,0,0,0,0,0,0,0,0,0,0,0,7,5.557168,38.90018
"2231","Village 2",0,0,180,0,0,0,0,0,0,0,0,0,0,0,0,4,5.557168,22.22867
"2233","Village 2",0,0,0,0,0,0,0,0,0,0,0,0,0,0,0,7,5.557168,38.90018
"2243","Village 2",0,0,550,1000,0,0,0,0,0,0,0,0,80,0,0,6,5.557168,33.34301
"2247","Village 2",0,0,600,1400,0,0,0,0,0,0,0,0,0,0,0,2,5.557168,11.11434
"2256","Village 2",0,0,1000.000031,0,0,0,0,0,0,0,0,0,0,0,0,8,5.557168,44.45735
"2260","Village 2",0,0,0,0,0,0,0,0,0,0,0,0,0,0,0,1,5.557168,5.557168
"2270","Village 2",0,0,300,1300,0,0,0,0,0,0,0,0,0,0,0,3,5.557168,16.6715
"2272","Village 2",0,0,0,0,0,0,0,0,0,0,0,0,0,0,0,2,5.557168,11.11434
"2275","Village 2",0,0,200,2000,0,0,0,0,0,0,0,0,0,0,0,6,5.557168,33.34301
"2278","Village 2",24000,0,0,0,0,0,0,0,0,0,0,0,0,0,0,4,5.557168,22.22867
"2283","Village 2",24000,0,3000,0,0,0,0,0,0,0,22000,0,0,0,0,9,5.557168,50.01451
"2286","Village 3",0,0,2160,0,0,0,0,0,0,0,0,0,0,0,0,7,5.557168,38.90018
"2291","Village 3",0,0,0,1303.000031,0,0,0,0,0,0,0,0,0,0,500.0000153,8,5.557168,44.45735
"2298","Village 3",0,0,0,0,0,0,0,0,0,0,0,0,0,0,0,5,5.557168,27.78584
"2301","Village 3",0,0,30,300,0,0,0,0,0,0,0,0,0,0,0,1,5.557168,5.557168
"2305","Village 3",0,1600,1200,1200,0,0,0,0,0,0,0,1250,0,0,0,13,5.557168,72.24319
"2306","Village 3",1,0,30,0,0,0,0,0,0,0,0,0,0,0,0,3,5.557168,16.6715
"2312","Village 3",0,0,1200.000015,0,0,0,0,0,0,0,0,0,0,0,0,9,5.557168,50.01451
"2315","Village 3",0,250.0000076,250.0000076,0,0,0,0,0,0,0,0,0,0,0,0,4,5.557168,22.22867
"2316","Village 3",2,3,12,0,0,0,0,0,0,0,0,0,0,0,0,6,5.557168,33.34301
"2323","Village 3",0,0,600,1200,0,0,0,0,0,0,0,0,0,0,0,3,5.557168,16.6715
"2327","Village 3",0,0,960,600,0,0,0,0,0,0,0,0,0,0,0,8,5.557168,44.45735
"2332","Village 3",0,0,120,680,0,0,0,0,0,0,0,0,0,0,0,5,5.557168,27.78584
"2333","Village 3",0,250,150,0,0,0,0,50,0,0,0,0,0,0,0,3,5.557168,16.6715
"2359","Village 3",0,0,500.0000153,0,0,0,0,0,0,0,0,0,0,0,0,3,5.557168,16.6715
"2360","Village 3",0,0,0,0,0,0,0,0,0,0,0,0,0,0,0,5,5.557168,27.78584
"2362","Village 3",0,0,900,0,0,0,0,0,0,0,0,0,0,0,0,5,5.557168,27.78584
"2369","Village 3",0,0,0,0,0,0,0,0,0,0,0,0,0,0,0,5,5.557168,27.78584
"2379","Village 3",0,0,100,0,0,0,0,0,0,0,0,0,0,0,0,5,5.557168,27.78584
"2385","Village 3",0,0,500.0000153,1200,0,0,0,0,0,0,0,0,0,0,0,8,5.557168,44.45735
"2387","Village 3",0,0,200,0,0,0,0,0,0,0,0,0,0,0,0,5,5.557168,27.78584
"2405","Village 3",0,0,300,0,0,0,0,0,0,0,0,0,0,0,0,7,5.557168,38.90018
"2406","Village 3",0,0,1500,0,0,0,0,0,0,0,0,0,0,0,0,13,5.557168,72.24319
"2417","Village 3",0,0,0,0,0,0,0,0,0,0,0,0,0,0,0,1,5.557168,5.557168
"2420","Village 3",0,0,720,0,0,0,0,0,0,0,0,0,0,0,0,6,5.557168,33.34301
"2435","Village 3",0,0,400,0,0,0,0,0,0,0,0,0,0,0,0,7,5.557168,38.90018
"2436","Village 3",0,0,0,0,0,0,0,0,0,0,0,0,0,0,0,4,5.557168,22.22867
"2446","Village 3",0,0,0,0,0,0,0,0,0,0,0,0,0,0,0,2,5.557168,11.11434
"2448","Village 3",0,0,840,0,0,0,0,0,0,0,0,199.9999924,0,0,0,4,5.557168,22.22867
"2451","Village 3",0,0,159.9999962,0,0,0,0,199.9999924,0,0,500.0000153,0,0,0,0,4,5.557168,22.22867
"2462","Village 3",0,0,720,0,0,0,0,0,0,0,0,0,0,0,0,3,5.557168,16.6715
"2464","Village 3",0,0,40,0,0,0,0,0,0,0,0,0,0,0,0,4,5.557168,22.22867
"2485","Village 1",20,90,0,0,0,0,0,0,300,200,0,200,250,0,100,5,5.557168,27.78584
"2506","Village 1",0,0,1900.000031,2000.000061,0,0,0,0,0,0,0,0,0,0,0,19,5.557168,105.5862
"2507","Village 1",0,0,199.9999924,0,0,0,0,0,0,0,0,0,0,0,0,6,5.557168,33.34301
"2510","Village 1",0,0,0,0,0,0,0,0,0,0,0,0,0,0,0,2,5.557168,11.11434
"2513","Village 1",0,300,0,0,0,0,0,0,0,0,0,0,0,0,0,3,5.557168,16.6715
"2514","Village 1",0,0,400,0,0,0,40,0,2000,0,0,0,0,0,0,5,5.557168,27.78584
"2517","Village 1",0,0,0,0,0,0,0,0,0,0,0,0,0,0,0,4,5.557168,22.22867
"2529","Village 1",0,0,150,0,0,0,0,0,0,0,0,0,0,0,0,3,5.557168,16.6715
"2538","Village 1",0,1200,600,0,0,0,0,0,0,0,600,0,0,0,800,6,5.557168,33.34301
"2544","Village 1",0,0,2000.000061,3499.999878,0,0,0,0,0,600,549.9999847,3199.999878,0,0,0,6,5.557168,33.34301
"2545","Village 1",0,0,350,0,0,0,0,0,0,0,0,0,0,0,0,9,5.557168,50.01451
"2546","Village 1",0,0,720,0,0,0,0,0,0,0,0,0,0,0,0,10,5.557168,55.57169
"2548","Village 1",0,999.9999695,1200.000031,0,0,0,0,0,0,0,0,0,0,0,0,14,5.557168,77.80036
"2550","Village 1",1000,300,200,300,0,0,0,100,0,0,0,0,200,0,0,9,5.557168,50.01451
"2557","Village 1",0,0,0,0,0,0,0,0,0,0,0,0,0,0,0,5,5.557168,27.78584
"2563","Village 1",1800,3499.999969,1199.999954,0,0,0,0,0,1199.999954,49.99999809,0,0,0,0,0,9,5.557168,50.01451
"2565","Village 1",0,0,120,100,0,0,0,0,0,0,0,0,0,0,0,8,5.557168,44.45735
"2567","Village 1",0,0,1500,0,0,0,0,0,0,0,0,0,0,0,0,6,5.557168,33.34301
"2568","Village 1",0,0,99.99999619,450,0,0,0,0,0,0,0,0,0,0,0,4,5.557168,22.22867
"2570","Village 1",0,0,900,0,0,0,0,0,0,0,0,0,0,0,0,6,5.557168,33.34301
"2571","Village 1",0,0,0,0,0,0,0,0,0,0,0,0,0,0,0,1,5.557168,5.557168
"2573","Village 1",0,650,120,0,0,0,0,0,0,0,0,0,0,0,0,5,5.557168,27.78584
"2578","Village 1",0,0,199.9999924,0,0,0,0,0,0,0,0,0,0,0,0,8,5.557168,44.45735
"2580","Village 1",0,0,0,0,0,0,0,0,0,0,0,0,0,0,0,5,5.557168,27.78584
"2581","Village 1",0,0,500.0000153,0,0,0,0,0,0,0,0,0,0,0,0,9,5.557168,50.01451
"2587","Village 1",199.9999924,0,0,0,0,1200,99.99999619,0,0,0,0,0,0,0,0,5,5.557168,27.78584
"2598","Village 1",0,30,20,0,0,0,0,0,0,0,0,0,0,0,0,9,5.557168,50.01451
"2599","Village 1",0,0,0,0,0,0,0,0,0,0,0,0,0,0,0,7,5.557168,38.90018
"2600","Village 1",0,650,150,1400,0,0,1000,0,3600,0,0,2500,50,0,0,6,5.557168,33.34301
"2602","Village 1",9600.000122,0,4000.000122,0,0,0,0,0,0,0,1500.000046,0,179.9999943,0,0,7,5.557168,38.90018
"2603","Village 1",0,0,440,0,0,0,0,200,0,0,0,0,0,0,0,6,5.557168,33.34301
"2615","Village 1",0,0,100,0,0,0,0,0,0,0,0,0,0,0,0,3,5.557168,16.6715
"2631","Village 1",0,0,0,0,0,0,0,0,0,0,0,0,0,0,0,4,5.557168,22.22867
"2637","Village 1",0,0,54,0,0,0,0,0,0,0,0,0,0,0,0,4,5.557168,22.22867
"2654","Village 1",0,0,1120,0,0,0,0,0,0,0,0,0,0,0,0,7,5.557168,38.90018
"2655","Village 1",0,1599.999985,899.9999847,2800,0,0,0,0,0,0,3400.000061,0,0,0,0,8,5.557168,44.45735
"2658","Village 1",0,1600,2000,4500,0,0,0,0,0,0,0,0,180,0,0,6,5.557168,33.34301
"2660","Village 1",0,1000,500,0,0,0,0,0,50,0,0,100,0,0,0,5,5.557168,27.78584
"2671","Village 1",0,0,199.9999924,0,0,0,0,0,0,0,0,0,0,0,0,9,5.557168,50.01451
"2672","Village 1",0,0,0,0,0,0,0,0,0,0,0,0,0,0,0,1,5.557168,5.557168
"2681","Village 2",0,1599.999939,360,0,0,0,0,0,0,0,0,0,0,0,0,10,5.557168,55.57169
"2684","Village 2",0,0,1000,1500,0,0,0,0,0,0,0,0,0,0,0,5,5.557168,27.78584
"2685","Village 2",0,0,600,0,0,0,0,0,0,0,0,0,0,0,0,6,5.557168,33.34301
"2689","Village 2",0,1000,36,0,0,900,0,120,0,0,500,0,0,0,0,3,5.557168,16.6715
"2690","Village 2",0,0,0,0,0,0,0,0,0,0,0,0,0,0,0,3,5.557168,16.6715
"2695","Village 2",0,0,120,700,0,0,0,50,0,0,0,0,0,0,0,1,5.557168,5.557168
"2699","Village 2",0,0,0,0,0,0,0,0,0,0,0,0,0,0,0,1,5.557168,5.557168
"2701","Village 2",0,0,400,0,0,0,0,0,0,0,0,0,0,0,0,8,5.557168,44.45735
"2708","Village 2",0,0,229.9999924,0,0,0,0,0,0,0,0,0,0,0,0,5,5.557168,27.78584
"2712","Village 2",2400,0,500,700,0,0,0,0,0,0,0,0,150,0,0,4,5.557168,22.22867
"2713","Village 2",1600,0,200,1500,0,0,0,200,200,0,0,0,120,0,0,8,5.557168,44.45735
"2722","Village 2",0,1500,400,450,0,0,0,0,0,0,482.8571472,0,1000,0,0,5,5.557168,27.78584
"2731","Village 2",0,0,0,0,0,0,0,0,0,2.00000003,0,0,0,0,0,8,5.557168,44.45735
"2739","Village 2",0,600,300,0,0,0,0,0,0,0,0,0,20,0,0,2,5.557168,11.11434
"2746","Village 2",0,0,0,0,0,0,0,0,0,0,0,0,0,0,0,1,5.557168,5.557168
"2753","Village 2",0,0,0,0,0,0,0,0,0,0,0,0,0,0,0,9,5.557168,50.01451
"2754","Village 2",0,0,1440,0,0,0,0,0,0,40,0,0,0,0,0,2,5.557168,11.11434
"2757","Village 2",0,949.9999695,379.9999924,0,0,0,0,0,0,0,0,0,0,0,0,4,5.557168,22.22867
"2763","Village 2",0,1500,1000,6500,0,4800,0,500,0,0,0,250,120,0,0,8,5.557168,44.45735
"2764","Village 2",0,0,719.9999771,0,0,0,0,0,0,0,0,0,0,0,0,11,5.557168,61.12885
"2765","Village 2",0,0,300,0,0,0,0,0,0,0,0,0,0,0,0,7,5.557168,38.90018
"2769","Village 2",0,0,360,0,0,0,0,0,0,0,0,0,0,0,0,6,5.557168,33.34301
"2775","Village 2",0,1899.999939,300,0,0,0,0,0,0,0,0,0,0,0,0,9,5.557168,50.01451
"2784","Village 2",0,0,100,0,0,0,0,0,0,0,0,0,0,0,0,7,5.557168,38.90018
"2793","Village 2",0,0,0,0,0,0,0,0,0,0,0,0,0,0,0,4,5.557168,22.22867
"2801","Village 2",0,1000.000031,600.0000076,0,0,0,0,0,0,0,0,0,0,0,0,10,5.557168,55.57169
"2804","Village 2",0,0,1000,0,0,0,0,0,0,0,0,0,0,0,0,8,5.557168,44.45735
"2820","Village 2",0,0,180,0,0,0,0,0,0,0,0,0,0,0,0,4,5.557168,22.22867
"2823","Village 2",0,0,0,0,0,0,0,0,0,0,0,0,0,0,0,9,5.557168,50.01451
"2824","Village 2",0,0,300,0,0,0,0,0,0,0,0,0,0,0,0,6,5.557168,33.34301
"2828","Village 2",0,0,0,0,0,0,0,0,0,0,0,0,0,0,0,4,5.557168,22.22867
"2832","Village 2",0,0,140,0,0,0,0,0,0,0,0,0,0,0,250,6,5.557168,33.34301
"2833","Village 2",0,0,0,0,0,0,0,0,0,0,0,0,0,0,0,2,5.557168,11.11434
"2836","Village 2",3200,700,300,1400,1500,300,0,0,200,0,0,100,50,700,0,5,5.557168,27.78584
"2842","Village 2",0,0,0,0,0,0,0,0,0,0,0,0,0,0,0,8,5.557168,44.45735
"2843","Village 2",0,0,180,0,0,0,0,0,0,0,0,0,0,0,0,6,5.557168,33.34301
"2856","Village 2",0,0,100,0,0,0,0,0,0,0,0,0,0,0,0,1,5.557168,5.557168
"2861","Village 2",0,0,0,0,0,0,0,0,0,0,0,0,0,0,0,4,5.557168,22.22867
"2863","Village 2",0,0,0,0,0,0,0,0,0,0,0,0,0,0,0,1,5.557168,5.557168
"2866","Village 3",0,0,1500,0,0,0,0,0,1000.000031,0,0,0,0,0,0,8,5.557168,44.45735
"2869","Village 3",0,0,0,0,0,0,0,0,0,0,0,0,0,0,0,1,5.557168,5.557168
"2871","Village 3",0,0,200,0,0,0,0,0,0,0,0,0,0,0,0,4,5.557168,22.22867
"2879","Village 3",2000.000061,4000.000122,2000.000061,2000.000061,0,0,0,0,0,0,0,0,0,0,0,10,5.557168,55.57169
"2880","Village 3",0,0,0,0,0,0,0,0,0,0,0,0,0,0,0,7,5.557168,38.90018
"2884","Village 3",0,0,0,0,0,0,0,0,0,0,0,0,0,0,0,3,5.557168,16.6715
"2888","Village 3",0,0,1239.999969,0,0,0,0,0,0,0,0,0,0,0,0,9,5.557168,50.01451
"2892","Village 3",0,0,0,0,0,0,0,0,0,0,0,0,0,0,0,7,5.557168,38.90018
"2895","Village 3",0,0,0,0,0,0,0,0,0,0,0,0,0,0,0,6,5.557168,33.34301
"2896","Village 3",0,0,399.9999847,0,0,0,0,0,0,0,0,0,0,0,159.9999962,7,5.557168,38.90018
"2897","Village 3",0,0,360,0,0,0,0,0,1200,0,0,0,0,0,0,5,5.557168,27.78584
"2911","Village 3",0,800,1500,0,0,0,0,0,0,0,0,0,0,0,0,12,5.557168,66.68602
"2914","Village 3",0,0,0,0,0,0,0,0,0,0,0,0,0,0,0,8,5.557168,44.45735
"2916","Village 3",0,0,250,0,0,0,0,0,0,0,0,0,0,0,0,4,5.557168,22.22867
"2945","Village 3",0,0,2160,0,0,0,0,0,0,0,0,0,0,0,0,10,5.557168,55.57169
"2947","Village 3",0,500,1800,1400,0,0,0,50,450,0,0,250,0,0,0,11,5.557168,61.12885
"2948","Village 3",0,0,240,0,0,0,0,0,0,0,0,0,0,0,0,6,5.557168,33.34301
"2951","Village 3",0,0,1500,0,0,0,0,0,0,0,0,0,0,0,0,3,5.557168,16.6715
"2952","Village 3",0,0,0,0,0,0,0,0,0,0,0,0,0,0,0,1,5.557168,5.557168
"2956","Village 3",0,0,0,0,0,0,0,0,0,0,0,0,0,0,0,10,5.557168,55.57169
"2984","Village 3",0,0,720,2000.000061,0,4999.999878,0,99.99999619,0,0,0,0,300,0,0,9,5.557168,50.01451
"2986","Village 3",0,0,1300,0,0,0,0,0,0,0,0,0,0,0,0,8,5.557168,44.45735
"2996","Village 3",0,0,360,0,0,0,0,0,0,0,0,0,0,0,0,4,5.557168,22.22867
"3006","Village 3",0,0,200,0,0,0,0,0,0,0,0,0,0,0,0,7,5.557168,38.90018
"3008","Village 3",0,0,0,0,0,0,0,0,0,0,0,0,0,0,0,4,5.557168,22.22867
"3010","Village 3",0,700,400,0,0,0,0,0,0,0,0,0,0,0,0,8,5.557168,44.45735
"3011","Village 3",0,0,0,0,0,0,0,0,0,0,0,0,0,0,0,6,5.557168,33.34301
"3013","Village 3",0,0,0,0,0,0,0,0,0,0,0,0,0,0,0,2,5.557168,11.11434
"3017","Village 3",0,0,0,0,0,0,0,0,0,0,0,0,0,0,0,4,5.557168,22.22867
"3027","Village 3",0,1700,1000,0,0,0,0,0,0,0,0,0,0,0,0,9,5.557168,50.01451
"3030","Village 3",0,0,200,0,0,0,0,0,0,0,0,0,0,0,0,3,5.557168,16.6715
"3035","Village 3",0,0,624.9999847,0,0,0,0,0,0,0,0,0,0,0,0,8,5.557168,44.45735
"3044","Village 3",0,0,660,0,0,0,0,0,0,0,0,0,0,0,0,6,5.557168,33.34301
"3052","Village 1",11200,7100,8600,9000,0,5200,6000,0,0,0,0,0,0,0,0,11,5.557168,61.12885
"3057","Village 1",0,0,0,0,0,0,0,0,199.9999924,0,0,0,0,0,0,10,5.557168,55.57169
"3060","Village 1",0,700,1000,0,0,0,0,0,0,0,1500,0,0,0,0,6,5.557168,33.34301
"3068","Village 1",0,0,0,0,0,0,0,0,0,0,0,0,0,0,0,4,5.557168,22.22867
"3074","Village 1",0,0,360,0,0,0,0,0,0,0,0,0,180,0,0,6,5.557168,33.34301
"3083","Village 1",0,0,30,0,0,0,0,0,0,0,0,0,0,0,10,4,5.557168,22.22867
"3088","Village 1",0,0,0,0,0,0,0,0,0,0,0,0,0,0,0,1,5.557168,5.557168
"3089","Village 1",0,0,1000.000031,0,0,0,0,0,0,0,0,0,0,0,0,9,5.557168,50.01451
"3093","Village 1",0,0,159.9999962,0,0,0,0,0,0,0,0,0,0,0,0,7,5.557168,38.90018
"3096","Village 1",2000,250,250,120,0,0,0,250,0,0,0,0,100,0,0,1,5.557168,5.557168
"3098","Village 1",0,0,0,0,0,0,0,0,0,0,0,0,79.99999809,0,0,4,5.557168,22.22867
"3099","Village 1",0,0,0,0,0,0,0,0,0,0,0,0,0,0,0,6,5.557168,33.34301
"3118","Village 1",0,0,200,0,0,0,0,0,0,0,0,0,0,0,0,6,5.557168,33.34301
"3126","Village 1",0,0,0,800,0,0,0,0,0,0,0,0,0,0,0,7,5.557168,38.90018
"3130","Village 1",0,0,0,0,0,0,0,0,0,0,0,0,0,0,0,6,5.557168,33.34301
"3142","Village 1",0,0,300,0,0,0,0,0,0,0,0,0,0,0,0,4,5.557168,22.22867
"3151","Village 1",0,0,0,0,0,0,0,0,0,0,0,0,0,0,0,4,5.557168,22.22867
"3155","Village 1",0,0,3,3,0,0,0,0,30,0,0,0,0,30,0,6,5.557168,33.34301
"3157","Village 1",0,0,1000,0,0,0,0,0,0,0,0,0,0,0,0,9,5.557168,50.01451
"3161","Village 1",0,0,0,0,0,0,0,0,0,0,0,0,0,0,0,1,5.557168,5.557168
"3162","Village 1",0,2.00000006,120,0,0,0,0,0,0,0,2499.999939,0,0,0,0,6,5.557168,33.34301
"3164","Village 1",0,0,0,0,0,0,0,0,0,0,0,0,0,0,0,6,5.557168,33.34301
"3174","Village 1",25000,283.3333435,120,0,0,0,0,50,0,0,0,0,1000,0,0,6,5.557168,33.34301
"3177","Village 1",0,0,20,0,0,0,0,0,0,0,0,0,0,50,0,4,5.557168,22.22867
"3194","Village 1",0,2400,630,0,0,0,0,0,0,0,0,0,0,0,0,8,5.557168,44.45735
"3196","Village 1",0,0,300,0,0,0,0,0,0,0,0,0,1000.000031,0,0,6,5.557168,33.34301
"3200","Village 1",0,0,600,0,0,0,0,0,0,0,0,0,0,0,60,4,5.557168,22.22867
"3216","Village 1",0,0,180,0,0,0,0,20,0,0,0,0,0,0,0,4,5.557168,22.22867
"3223","Village 1",0,199.9999981,499.9999847,0,0,0,0,0,0,0,0,0,0,0,0,21,5.557168,116.7005
"3230","Village 1",0,0,180,0,0,0,0,0,0,0,200,0,0,0,0,7,5.557168,38.90018
"3235","Village 1",0,0,0,0,0,0,0,0,0,0,0,0,0,0,0,6,5.557168,33.34301
"3242","Village 1",0,0,0,0,0,0,0,0,0,0,0,0,0,0,0,2,5.557168,11.11434
"3248","Village 1",0,0,0,0,0,0,0,0,0,0,0,0,0,0,0,12,5.557168,66.68602
"3251","Village 2",0,0,1500,0,0,0,0,0,0,0,0,0,0,0,0,5,5.557168,27.78584
"3252","Village 2",0,0,0,0,0,0,0,0,0,0,0,0,0,0,0,8,5.557168,44.45735
"3260","Village 2",6000,500,200,0,0,0,100,0,0,0,0,0,0,0,0,7,5.557168,38.90018
"3261","Village 2",0,2000.000061,2000.000061,0,0,0,0,0,0,0,0,0,0,0,1000.000031,14,5.557168,77.80036
"3263","Village 2",0,0,0,0,0,0,0,0,0,0,0,0,0,0,0,1,5.557168,5.557168
"3265","Village 2",0,0,360,2000,0,0,0,0,0,0,0,0,0,0,0,4,5.557168,22.22867
"3269","Village 2",0,0,0,0,0,0,0,0,500,0,0,0,0,0,0,2,5.557168,11.11434
"3280","Village 2",0,850,720,1600,0,1600,0,0,200,0,0,0,0,3500,0,6,5.557168,33.34301
"3289","Village 2",0,0,500,0,0,0,0,0,0,0,0,0,0,0,0,1,5.557168,5.557168
"3295","Village 2",0,0,0,0,0,0,0,0,0,0,0,0,0,0,0,1,5.557168,5.557168
"3304","Village 2",0,0,1050,0,0,0,0,0,0,0,0,0,0,0,0,5,5.557168,27.78584
"3316","Village 2",0,0,0,0,0,0,0,0,0,0,0,0,0,0,0,2,5.557168,11.11434
"3321","Village 2",0,0,0,0,0,0,0,0,0,0,0,0,0,0,0,7,5.557168,38.90018
"3326","Village 2",0,0,2520,0,0,0,0,0,0,0,0,0,0,0,0,7,5.557168,38.90018
"3329","Village 2",0,2100,720,0,0,0,0,0,0,0,0,0,0,0,0,5,5.557168,27.78584
"3334","Village 2",6000,0,480,1900,0,2000,0,0,0,0,0,0,200,0,0,7,5.557168,38.90018
"3336","Village 2",2400,0,200,0,0,500,0,0,0,0,0,0,0,0,0,4,5.557168,22.22867
"3337","Village 2",0,0,0,0,0,0,0,0,0,0,0,0,0,0,0,1,5.557168,5.557168
"3342","Village 2",0,0,280,850,0,0,0,0,0,0,0,0,0,0,0,2,5.557168,11.11434
"3348","Village 2",0,0,0,0,0,0,0,0,0,0,0,0,0,0,0,2,5.557168,11.11434
"3355","Village 2",0,0,0,0,0,0,0,0,0,0,0,0,0,0,0,6,5.557168,33.34301
"3360","Village 2",0,0,0,0,0,0,0,0,0,0,0,0,0,0,0,2,5.557168,11.11434
"3362","Village 2",0,0,0,0,0,0,0,0,0,0,0,0,0,0,0,7,5.557168,38.90018
"3366","Village 2",0,0,600,0,0,0,0,0,0,0,0,0,0,0,0,6,5.557168,33.34301
"3368","Village 2",0,0,0,0,0,0,0,0,0,0,0,0,0,0,0,7,5.557168,38.90018
"3380","Village 2",0,0,100,0,0,0,0,0,50,0,0,0,0,0,0,5,5.557168,27.78584
"3388","Village 2",0,0,500,0,0,0,0,0,0,0,0,0,0,0,0,5,5.557168,27.78584
"3391","Village 2",0,0,0,2000,0,0,0,0,1000,0,0,0,0,0,0,6,5.557168,33.34301
"3393","Village 2",0,0,40,0,0,0,0,0,0,0,0,0,0,0,0,4,5.557168,22.22867
"3395","Village 2",0,1150,950,2350,15800,1300,0,500,600,0,0,300,0,31000,0,6,5.557168,33.34301
"3419","Village 3",0,0,1000.000031,0,0,0,0,0,0,0,0,0,0,0,0,5,5.557168,27.78584
"3423","Village 3",0,0,9.999999762,500.0000153,0,0,0,0,0,0,0,0,0,0,0,7,5.557168,38.90018
"3440","Village 3",0,0,80,0,0,0,0,0,0,0,0,0,0,0,0,4,5.557168,22.22867
"3446","Village 3",0,0,500,0,0,0,0,0,0,0,0,0,0,0,0,10,5.557168,55.57169
"3448","Village 3",0,0,600,0,0,0,0,0,0,0,0,100,0,0,0,10,5.557168,55.57169
"3456","Village 3",0,0,199.9999924,0,0,0,0,0,0,0,0,0,0,0,0,6,5.557168,33.34301
"3462","Village 3",0,0,100,0,0,0,0,0,0,0,0,0,0,0,0,5,5.557168,27.78584
"3468","Village 3",0,0,200,0,0,0,0,0,0,0,0,0,0,0,0,10,5.557168,55.57169
"3487","Village 3",0,600,200,0,0,0,0,0,0,0,0,0,0,0,80,7,5.557168,38.90018
"3489","Village 3",0,0,50,0,0,0,0,0,0,0,0,0,0,0,0,5,5.557168,27.78584
"3491","Village 3",2000,300,320,0,0,0,0,100,0,0,0,150,0,0,0,2,5.557168,11.11434
"3493","Village 3",1200.000015,0,300.0000038,0,0,0,0,0,0,0,0,0,0,0,0,13,5.557168,72.24319
"3497","Village 3",1.00000003,0,0,0,0,0,0,0,0,0,0,0,0,0,0,5,5.557168,27.78584
"3499","Village 3",0,0,40,0,0,0,0,0,0,0,0,0,0,0,0,4,5.557168,22.22867
"3500","Village 3",0,0,1500,0,0,0,0,0,0,0,0,0,0,0,0,7,5.557168,38.90018
"3503","Village 3",0,0,350,0,0,0,0,0,0,0,0,0,0,0,0,7,5.557168,38.90018
"3507","Village 3",0,0,0,0,0,0,0,0,0,0,0,0,0,0,0,9,5.557168,50.01451
"3508","Village 3",0,0,500,0,0,0,0,0,0,0,0,0,0,0,0,5,5.557168,27.78584
"3509","Village 3",0,0,0,0,0,0,0,0,0,0,0,0,0,0,0,9,5.557168,50.01451
"3512","Village 3",0,0,0,0,0,0,0,0,0,0,0,0,0,0,0,7,5.557168,38.90018
"3516","Village 3",0,0,500.0000153,0,0,0,0,0,0,0,0,0,300,0,0,6,5.557168,33.34301
"3523","Village 3",0,0,0,0,0,0,0,0,0,0,0,0,0,0,0,14,5.557168,77.80036
"3527","Village 3",0,0,0,0,0,0,0,0,0,0,0,0,0,0,0,4,5.557168,22.22867
"3529","Village 3",0,0,930,0,0,0,0,0,0,0,0,0,0,0,300,5,5.557168,27.78584
"3531","Village 3",0,0,0,0,0,0,0,0,0,0,0,0,0,0,0,7,5.557168,38.90018
"3532","Village 3",0,0,2100,800,0,0,0,0,0,0,0,0,0,0,0,13,5.557168,72.24319
"3535","Village 3",0,0,300,0,0,0,0,0,0,0,0,0,0,0,0,7,5.557168,38.90018
"3538","Village 3",0,0,480,0,0,0,0,0,0,0,0,0,0,0,0,4,5.557168,22.22867
"3543","Village 3",0,0,1000,0,0,0,0,0,0,0,2400,0,3800,0,5000,9,5.557168,50.01451
"3545","Village 3",0,0,240,500,0,0,0,0,0,0,0,0,0,0,0,7,5.557168,38.90018
"3546","Village 3",0,0,0,0,0,0,0,0,0,0,0,0,0,0,0,4,5.557168,22.22867
"3556","Village 3",0,0,519.9999847,0,0,0,0,0,0,0,0,0,0,0,0,9,5.557168,50.01451
"3557","Village 3",0,0,0,0,0,0,0,0,0,0,0,0,0,0,0,5,5.557168,27.78584
"3571","Village 3",0,0,0,0,0,0,0,0,0,0,0,0,0,0,0,1,5.557168,5.557168
"3575","Village 3",0,0,0,0,0,0,0,0,0,0,0,0,0,0,0,7,5.557168,38.90018
"3576","Village 3",0,0,500.0000153,2100,0,0,0,0,0,0,0,0,0,0,0,6,5.557168,33.34301
"3581","Village 3",0,0,199.9999924,0,0,0,0,0,0,0,0,0,0,0,0,8,5.557168,44.45735
"3582","Village 3",0,0,40,0,0,0,0,0,0,0,0,0,0,0,0,1,5.557168,5.557168
"3587","Village 3",0,0,40,0,0,0,0,0,0,0,0,0,0,0,0,5,5.557168,27.78584
"3592","Village 1",0,0,300.0000038,0,0,0,0,0,0,0,0,0,70,0,0,10,5.557168,55.57169
"3598","Village 1",0,0,500.0000153,0,0,0,0,0,0,0,0,0,0,0,0,8,5.557168,44.45735
"3600","Village 1",0,0,24.99999905,0,0,0,0,159.9999962,0,0,0,0,0,0,0,8,5.557168,44.45735
"3602","Village 1",0,500,300,3500,0,0,0,0,0,0,0,0,0,0,0,12,5.557168,66.68602
"3610","Village 1",0,0,0,0,0,0,0,0,0,0,0,0,0,0,0,4,5.557168,22.22867
"3613","Village 1",0,0,0,0,0,0,0,0,0,0,0,0,0,0,0,3,5.557168,16.6715
"3617","Village 1",0,0,100,0,0,0,0,20,0,0,0,0,50,0,0,7,5.557168,38.90018
"3620","Village 1",0,700,800,0,0,0,0,0,0,0,0,0,700,0,0,4,5.557168,22.22867
"3623","Village 1",0,850,200,100,0,0,0,0,0,0,0,0,0,0,0,4,5.557168,22.22867
"3646","Village 1",0,1400,900,0,0,0,0,0,0,0,0,0,0,0,0,1,5.557168,5.557168
"3650","Village 1",0,0,300,0,0,0,0,0,0,0,0,0,0,0,0,7,5.557168,38.90018
"3657","Village 1",0,0,100,0,0,0,0,0,0,0,0,0,0,0,0,1,5.557168,5.557168
"3666","Village 1",0,0,1000.000031,0,0,0,0,80.00000191,0,0,0,0,0,0,0,11,5.557168,61.12885
"3668","Village 1",0,0,0,0,0,0,0,0,0,0,0,0,0,0,0,3,5.557168,16.6715
"3672","Village 1",0,0,0,0,0,0,0,0,0,0,0,0,0,0,0,1,5.557168,5.557168
"3691","Village 1",0,750,240,0,0,0,0,0,0,0,0,0,0,0,0,6,5.557168,33.34301
"3701","Village 1",0,3949.999878,2100,0,0,0,0,0,0,0,0,0,159.9999962,0,0,10,5.557168,55.57169
"3726","Village 1",0,0,80,0,0,0,0,0,0,0,0,0,0,0,0,1,5.557168,5.557168
"3734","Village 1",0,0,0,0,0,0,0,0,0,0,0,0,0,0,0,7,5.557168,38.90018
"3761","Village 1",0,0,0,0,0,0,0,0,0,0,0,0,0,0,0,6,5.557168,33.34301
"3783","Village 2",0,0,1500,0,0,0,680,0,0,0,0,0,0,0,0,9,5.557168,50.01451
"3790","Village 2",0,0,350,0,0,0,0,0,0,0,0,0,0,0,0,6,5.557168,33.34301
"3797","Village 2",0,0,1200,0,0,0,0,0,0,0,0,0,0,0,0,4,5.557168,22.22867
"3798","Village 2",0,0,240,0,0,0,0,0,0,0,0,0,0,0,0,6,5.557168,33.34301
"3814","Village 2",0,0,300,0,0,0,0,0,0,0,0,0,0,0,0,7,5.557168,38.90018
"3822","Village 2",22000,3500.000061,7920,2699.999985,9000.000061,7200.000183,0,0,9000.000061,0,0,900.0000229,0,0,4209.999908,13,5.557168,72.24319
"3844","Village 2",3600,0,1200,0,0,0,0,0,0,0,0,0,0,0,0,9,5.557168,50.01451
"3847","Village 2",0,0,54,1620,0,0,0,180,0,0,0,0,0,0,0,10,5.557168,55.57169
"3851","Village 2",0,0,0,0,0,0,0,0,0,0,0,0,0,0,0,7,5.557168,38.90018
"3854","Village 2",0,0,100,0,0,0,0,0,0,0,0,0,0,0,0,6,5.557168,33.34301
"3855","Village 2",0,0,0,0,0,0,0,0,0,0,0,0,0,0,0,4,5.557168,22.22867
"3858","Village 2",0,0,520,0,9000,0,0,0,0,0,0,0,2000,0,0,4,5.557168,22.22867
"3878","Village 2",0,0,2200,1000,0,0,0,0,0,0,0,0,0,0,0,9,5.557168,50.01451
"3884","Village 2",0,0,60,0,0,0,0,0,0,0,0,0,0,0,0,5,5.557168,27.78584
"3885","Village 2",0,799.9999695,660,0,0,0,0,0,0,0,0,0,500.0000153,0,0,10,5.557168,55.57169
"3896","Village 2",0,0,0,0,0,0,0,0,0,0,0,0,0,0,0,4,5.557168,22.22867
"3903","Village 2",0,0,0,0,0,0,0,0,0,0,0,0,0,0,0,6,5.557168,33.34301
"3922","Village 2",1500,283.3333435,120,1500,0,0,0,0,5000,0,0,0,0,0,0,1,5.557168,5.557168
"3924","Village 3",0,0,1400,0,0,0,0,0,0,0,0,0,0,0,0,8,5.557168,44.45735
"3933","Village 3",0,0,2160,0,0,0,0,0,0,0,0,0,0,0,0,5,5.557168,27.78584
"3937","Village 3",0,0,0,0,0,0,0,0,0,0,0,0,0,0,0,1,5.557168,5.557168
"3945","Village 3",0,0,0,0,0,0,0,0,0,0,0,0,0,0,0,4,5.557168,22.22867
"3952","Village 3",3500,800,240,800,0,0,0,0,0,0,0,0,240,0,0,1,5.557168,5.557168
"3956","Village 3",0,0,0,0,0,0,0,0,0,0,0,0,0,0,0,5,5.557168,27.78584
"3962","Village 3",0,0,350,0,0,0,0,0,0,0,0,0,0,0,0,7,5.557168,38.90018
"3966","Village 3",0,0,0,0,0,0,0,0,0,0,0,0,0,0,0,11,5.557168,61.12885
"3969","Village 3",0,0,0,750,0,0,0,0,0,0,0,0,0,0,0,4,5.557168,22.22867
"3972","Village 3",0,0,0,0,0,0,0,0,0,0,0,0,0,0,0,6,5.557168,33.34301
"3977","Village 3",1000,0,120,0,0,0,0,0,0,0,0,0,0,0,0,3,5.557168,16.6715
"3978","Village 3",0,0,100,0,0,0,0,0,0,0,0,0,0,0,0,5,5.557168,27.78584
"3985","Village 3",0,0,0,0,0,0,0,0,0,0,0,0,0,0,0,4,5.557168,22.22867
"3987","Village 3",0,0,150,0,0,0,0,0,0,0,0,0,5000,0,0,7,5.557168,38.90018
"3989","Village 3",0,0,0,0,0,0,0,0,0,0,0,0,0,0,0,2,5.557168,11.11434
"3997","Village 3",0,0,0,0,0,0,0,0,0,0,0,0,0,0,0,5,5.557168,27.78584
"4007","Village 3",0,0,3,0,0,0,0,0,0,0,0,0,0,0,0,5,5.557168,27.78584
"4014","Village 3",0,0,250,0,0,0,0,0,0,0,0,0,0,0,0,9,5.557168,50.01451
"4018","Village 3",0,0,500.0000153,0,0,0,0,0,0,0,0,0,0,0,0,8,5.557168,44.45735
"4023","Village 3",0,300,30,0,0,0,0,0,0,0,0,0,0,0,0,8,5.557168,44.45735
"4025","Village 3",0,0,900,0,0,0,0,0,0,0,0,0,0,0,0,7,5.557168,38.90018
"4028","Village 3",0,0,0,0,0,0,0,0,0,0,0,0,0,0,0,8,5.557168,44.45735
"4040","Village 3",0,0,120,0,0,0,0,0,0,0,0,0,0,0,0,8,5.557168,44.45735
"4047","Village 3",0,0,0,0,0,0,0,0,0,0,0,0,0,0,0,4,5.557168,22.22867
"4051","Village 3",0,0,120,0,0,0,0,0,0,0,0,0,0,0,0,4,5.557168,22.22867
"4060","Village 3",0,0,699.9999847,0,0,0,0,0,0,0,0,0,0,0,0,5,5.557168,27.78584
"4063","Village 3",0,0,0,0,0,0,0,0,0,0,0,0,0,0,0,3,5.557168,16.6715
"4075","Village 3",0,0,0,0,0,0,0,0,0,0,0,0,0,0,0,2,5.557168,11.11434
"4079","Village 3",0,0,120,0,0,0,0,0,0,0,0,0,0,0,0,7,5.557168,38.90018
"4081","Village 3",0,700,610,900,0,0,0,50,0,0,0,0,0,0,0,4,5.557168,22.22867
"4084","Village 3",0,0,2000.000061,0,0,0,0,0,0,0,0,0,0,0,0,13,5.557168,72.24319
"4096","Village 1",0,0,0,0,0,0,0,0,0,0,0,0,0,0,0,9,5.557168,50.01451
"4100","Village 1",0,0,0,0,0,0,0,80.00000381,0,0,0,0,0,0,0,11,5.557168,61.12885
"4103","Village 1",0,0,0,0,0,0,0,0,0,0,3499.999878,0,0,0,0,6,5.557168,33.34301
"4105","Village 1",0,0,810,0,0,0,0,0,0,0,0,0,0,0,0,7,5.557168,38.90018
"4109","Village 1",0,0,0,0,0,0,0,0,0,0,0,0,0,0,0,6,5.557168,33.34301
"4113","Village 1",0,0,300,0,0,0,0,0,0,0,0,0,0,0,0,1,5.557168,5.557168
"4117","Village 1",0,0,0,0,0,0,0,0,0,0,0,0,0,0,0,4,5.557168,22.22867
"4125","Village 1",0,0,300,2000,0,0,0,0,0,0,0,0,0,0,0,6,5.557168,33.34301
"4133","Village 1",0,0,240,0,0,0,0,0,0,0,0,0,0,0,0,3,5.557168,16.6715
"4144","Village 1",0,0,0,0,0,0,0,0,0,0,0,0,0,0,0,1,5.557168,5.557168
"4177","Village 1",0,0,0,0,0,0,0,0,0,0,0,0,0,0,0,6,5.557168,33.34301
"4180","Village 1",0,0,0,0,0,0,0,0,0,0,0,0,0,0,0,6,5.557168,33.34301
"4186","Village 1",0,0,220,0,0,0,0,0,0,0,0,0,0,0,0,6,5.557168,33.34301
"4190","Village 1",0,0,0,0,0,0,0,0,0,0,0,0,0,0,0,4,5.557168,22.22867
"4194","Village 1",0,0,1500,0,0,0,0,0,0,0,0,0,0,0,0,4,5.557168,22.22867
"4203","Village 1",0,0,50,0,0,0,0,0,0,0,0,0,0,0,0,2,5.557168,11.11434
"4204","Village 1",0,0,0,0,0,0,0,0,0,0,0,0,0,0,0,1,5.557168,5.557168
"4227","Village 1",0,0,0,0,0,0,0,0,0,0,0,0,0,0,0,10,5.557168,55.57169
"4236","Village 1",0,0,0,0,0,0,0,0,0,0,0,0,0,0,0,1,5.557168,5.557168
"4240","Village 1",0,1650,700,0,0,0,200,0,0,0,0,0,0,0,0,6,5.557168,33.34301
"4242","Village 1",0,250,160,200,0,0,150,0,700,100,100,150,0,0,0,7,5.557168,38.90018
"4248","Village 1",0,0,60,0,0,0,0,0,0,0,0,0,0,0,0,7,5.557168,38.90018
"4251","Village 1",0,0,80,700,0,0,0,0,0,0,0,0,300,0,0,5,5.557168,27.78584
"4254","Village 1",0,0,180,0,0,0,0,5,0,0,0,0,20,0,0,6,5.557168,33.34301
"4256","Village 1",0,0,0,0,0,0,0,0,0,0,0,0,0,0,0,11,5.557168,61.12885
"4265","Village 2",0,1500.000046,1500.000046,0,0,0,0,0,0,0,0,0,299.9999886,0,0,12,5.557168,66.68602
"4271","Village 2",0,0,960,0,0,0,0,0,0,0,0,0,0,0,0,8,5.557168,44.45735
"4273","Village 2",0,0,150,0,0,0,0,0,0,0,0,0,0,0,0,4,5.557168,22.22867
"4274","Village 2",0,0,20,0,0,0,0,0,0,0,0,0,0,0,0,8,5.557168,44.45735
"4275","Village 2",0,0,150,0,0,0,0,0,0,0,0,0,0,0,0,15,5.557168,83.35753
"4278","Village 2",0,0,0,0,0,0,0,0,0,0,0,0,0,0,0,4,5.557168,22.22867
"4282","Village 2",0,199.9999924,49.99999809,0,0,0,0,0,0,0,0,0,0,0,0,4,5.557168,22.22867
"4285","Village 2",0,0,1025,0,0,0,0,0,0,0,0,0,0,0,0,7,5.557168,38.90018
"4287","Village 2",0,0,500,0,0,0,0,0,0,0,0,0,0,0,0,9,5.557168,50.01451
"4290","Village 2",0,0,0,0,0,0,0,0,0,0,0,0,0,0,0,7,5.557168,38.90018
"4307","Village 2",0,0,0,0,0,0,0,0,100,0,600,20,0,0,0,7,5.557168,38.90018
"4309","Village 2",0,0,360,0,0,0,0,0,0,0,0,0,0,0,0,10,5.557168,55.57169
"4313","Village 2",0,0,0,0,0,0,0,0,0,0,0,0,0,0,0,5,5.557168,27.78584
"4314","Village 2",0,500,0,1000,0,0,0,0,0,0,0,0,0,0,0,4,5.557168,22.22867
"4316","Village 2",0,0,210,50,0,0,0,0,0,0,0,0,0,0,0,4,5.557168,22.22867
"4322","Village 2",0,0,120,0,0,0,0,0,0,0,0,0,0,0,0,5,5.557168,27.78584
"4331","Village 2",0,0,210,0,0,0,0,0,0,0,0,0,0,0,0,10,5.557168,55.57169
"4335","Village 2",0,500,360,0,0,0,0,0,0,0,0,0,0,0,0,7,5.557168,38.90018
"4337","Village 2",0,0,60,0,0,0,0,0,0,0,0,0,0,0,0,4,5.557168,22.22867
"4341","Village 2",0,949.9999695,840,0,0,0,0,0,0,0,0,0,0,0,0,5,5.557168,27.78584
"4346","Village 2",0,0,1000.000031,0,0,0,0,0,0,0,0,0,0,0,0,7,5.557168,38.90018
"4348","Village 2",0,0,0,0,0,0,0,0,0,0,0,0,0,0,0,5,5.557168,27.78584
"4354","Village 2",0,0,19.99999952,0,0,0,0,0,0,0,0,0,0,0,0,8,5.557168,44.45735
"4365","Village 2",0,0,600.0000076,0,0,0,0,0,0,0,0,0,0,0,0,9,5.557168,50.01451
"4366","Village 2",0,0,760,0,0,0,0,20,0,0,0,0,0,0,0,11,5.557168,61.12885
"4370","Village 2",0,0,0,0,0,0,0,0,0,0,0,0,0,0,0,4,5.557168,22.22867
"4377","Village 2",0,0,250,0,0,0,0,0,0,0,0,0,0,0,0,7,5.557168,38.90018
"4381","Village 3",0,0,600,0,0,0,0,0,0,0,0,0,0,0,0,8,5.557168,44.45735
"4386","Village 3",0,0,200,0,0,0,0,0,0,0,0,0,0,0,0,4,5.557168,22.22867
"4395","Village 3",0,0,1200,0,0,0,0,0,0,0,0,0,2000.000061,0,0,5,5.557168,27.78584
"4397","Village 3",0,0,0,0,0,0,0,0,0,0,0,0,0,0,0,2,5.557168,11.11434
"4401","Village 3",0,1500,500.0000153,0,0,15000,5500.000122,250.0000076,0,0,0,99.99999619,0,0,0,5,5.557168,27.78584
"4402","Village 3",0,0,480,0,0,0,0,0,0,0,0,0,0,0,0,6,5.557168,33.34301
"4408","Village 3",0,30,50,20,0,0,0,0,0,0,0,0,0,0,50,4,5.557168,22.22867
"4412","Village 3",0,0,0,0,0,0,0,0,0,0,0,0,0,0,0,11,5.557168,61.12885
"4414","Village 3",0,0,0,0,0,0,0,0,0,0,0,0,0,0,0,6,5.557168,33.34301
"4416","Village 3",0,0,0,0,0,0,0,0,0,0,0,0,0,0,0,5,5.557168,27.78584
"4422","Village 3",4100,1400,400,0,0,500,0,0,0,0,0,50,0,0,0,6,5.557168,33.34301
"4424","Village 3",0,0,1000,0,0,0,0,0,0,0,0,0,0,0,0,3,5.557168,16.6715
"4428","Village 3",0,0,200,0,0,0,0,0,0,0,500,0,0,0,0,2,5.557168,11.11434
"4434","Village 3",0,0,325,0,0,0,0,0,0,0,0,0,0,0,0,5,5.557168,27.78584
"4437","Village 3",0,0,0,0,0,0,0,0,0,0,0,0,0,0,0,11,5.557168,61.12885
"4440","Village 3",0,0,500,0,0,0,0,0,0,0,0,0,0,0,0,6,5.557168,33.34301
"4442","Village 3",0,0,0,0,0,0,0,0,0,0,0,0,0,0,0,5,5.557168,27.78584
"4449","Village 3",0,0,120,0,0,0,0,0,0,0,0,0,0,0,0,4,5.557168,22.22867
"4454","Village 3",0,0,50,0,0,0,0,0,0,0,0,0,0,0,0,4,5.557168,22.22867
"4459","Village 3",0,0,0,0,0,0,0,0,0,0,0,0,0,0,0,5,5.557168,27.78584
"4464","Village 3",0,0,800,0,0,0,0,0,0,0,0,0,0,0,0,7,5.557168,38.90018
"4467","Village 3",0,0,0,0,0,0,0,0,0,0,0,0,0,0,0,9,5.557168,50.01451
"4469","Village 3",0,0,100,0,0,0,0,0,0,0,0,0,0,0,0,4,5.557168,22.22867
"4471","Village 3",0,0,0,0,0,0,0,0,0,0,0,0,0,0,0,4,5.557168,22.22867
"4482","Village 3",0,0,1300,0,0,0,0,0,0,0,0,0,0,0,0,7,5.557168,38.90018
"4491","Village 3",4000,2000,900,0,4000,500,0,0,0,0,0,0,0,0,0,6,5.557168,33.34301
"4492","Village 3",0,1200,300,0,0,0,0,0,0,0,0,0,0,0,0,7,5.557168,38.90018
"4495","Village 3",0,250,840,1100,0,0,0,0,0,0,0,0,0,0,0,8,5.557168,44.45735
"4510","Village 3",0,1000,2000,1000,0,0,0,0,0,0,0,250,500,0,150,5,5.557168,27.78584
"4514","Village 3",0,0,240,2000,0,0,0,0,0,0,0,0,0,0,0,4,5.557168,22.22867
"4515","Village 3",0,0,1000.000031,0,0,0,0,0,0,0,0,0,0,0,0,8,5.557168,44.45735
"4532","Village 1",0,0,600,0,0,0,0,0,0,0,0,0,0,0,0,8,5.557168,44.45735
"4539","Village 1",0,0,0,0,0,0,0,0,0,0,0,0,0,0,0,1,5.557168,5.557168
"4541","Village 1",0,0,500.0000153,0,0,0,0,0,0,0,0,0,0,0,0,3,5.557168,16.6715
"4547","Village 1",0,0,0,0,0,0,0,0,0,0,0,0,0,0,0,10,5.557168,55.57169
"4550","Village 1",0,0,0,0,0,0,0,0,0,0,0,0,0,0,0,2,5.557168,11.11434
"4554","Village 1",0,0,0,0,0,0,0,0,0,0,0,0,0,0,0,1,5.557168,5.557168
"4555","Village 1",0,0,0,0,0,0,0,0,0,0,0,0,0,0,0,1,5.557168,5.557168
"4559","Village 1",0,0,40,0,0,0,0,0,0,0,0,0,0,0,0,5,5.557168,27.78584
"4562","Village 1",0,0,0,0,0,0,0,0,0,0,0,0,500,0,0,1,5.557168,5.557168
"4570","Village 1",0,0,0,0,0,0,0,20,0,0,0,20,0,0,0,8,5.557168,44.45735
"4574","Village 1",0,0,199.9999924,0,0,0,0,0,0,0,0,0,0,0,0,5,5.557168,27.78584
"4575","Village 1",0,0,1080,0,0,0,0,0,0,0,0,0,0,0,0,8,5.557168,44.45735
"4608","Village 1",1000.000031,2000.000061,1000.000031,1500,0,0,0,0,0,0,0,0,500.0000153,0,0,5,5.557168,27.78584
"4611","Village 1",0,0,0,0,0,0,0,0,0,0,0,0,0,0,0,5,5.557168,27.78584
"4613","Village 1",0,0,4000.000122,6000.000183,0,0,0,0,0,0,0,0,12000.00037,0,0,8,5.557168,44.45735
"4615","Village 1",0,0,500,500,0,0,0,0,0,0,0,0,0,0,0,6,5.557168,33.34301
"4634","Village 1",0,0,0,0,0,0,0,0,0,0,0,0,0,0,0,3,5.557168,16.6715
"4636","Village 1",0,0,0,0,0,0,0,0,0,0,0,0,0,0,0,1,5.557168,5.557168
"4637","Village 1",0,1000.000031,49.99999952,0,0,0,0,0,0,0,0,49.99999952,199.9999981,0,0,12,5.557168,66.68602
"4641","Village 1",0,0,570,0,0,0,0,0,0,0,0,0,0,0,0,5,5.557168,27.78584
"4646","Village 1",0,3000,1000.000031,0,0,0,0,0,0,0,0,0,0,0,0,4,5.557168,22.22867
"4655","Village 1",0,0,480,0,0,0,0,0,0,0,0,0,0,0,0,5,5.557168,27.78584
"4657","Village 1",0,0,0,0,0,0,0,0,0,0,0,0,0,0,40,7,5.557168,38.90018
"4659","Village 1",0,0,600,0,0,0,0,0,0,0,0,0,0,0,0,7,5.557168,38.90018
"4665","Village 1",0,0,0,0,0,1500,0,0,500,0,0,0,0,0,500,3,5.557168,16.6715
"4666","Village 1",0,0,0,0,0,0,0,0,0,0,0,0,0,0,0,4,5.557168,22.22867
"4672","Village 2",0,0,20,0,0,0,0,0,0,0,0,0,0,0,0,6,5.557168,33.34301
"4676","Village 2",0,0,0,0,0,0,0,0,0,0,0,0,0,0,0,5,5.557168,27.78584
"4684","Village 2",0,1150.000031,600,0,0,0,0,0,0,0,0,0,0,0,0,5,5.557168,27.78584
"4685","Village 2",0,0,29.99999905,0,0,0,0,0,0,0,0,0,0,0,0,8,5.557168,44.45735
"4690","Village 2",0,0,6,1.00000003,0,0,0,0,0,0,0,0,0,0,0,5,5.557168,27.78584
"4696","Village 2",0,0,0,0,0,0,0,0,0,0,0,0,0,0,0,2,5.557168,11.11434
"4699","Village 2",0,0,60,0,0,0,0,0,0,0,0,0,0,0,0,1,5.557168,5.557168
"4703","Village 2",820,1000,0,0,0,0,0,0,3000,0,0,0,100,0,0,5,5.557168,27.78584
"4706","Village 2",0,0,90,0,0,0,0,150,0,0,0,0,0,0,0,7,5.557168,38.90018
"4709","Village 2",0,0,0,0,0,0,0,0,0,0,0,0,0,0,0,2,5.557168,11.11434
"4717","Village 2",16000.00049,799.9999695,1000.000031,0,0,0,4999.999878,699.9999847,0,0,0,250.0000076,250.0000076,0,150,12,5.557168,66.68602
"4720","Village 2",0,0,0,0,0,0,0,0,0,0,0,0,0,0,0,4,5.557168,22.22867
"4721","Village 2",0,7000,2289.999969,1000.000031,0,0,0,0,0,0,0,0,0,0,0,8,5.557168,44.45735
"4722","Village 2",0,0,39,0,0,0,0,0,0,0,0,0,0,0,0,5,5.557168,27.78584
"4723","Village 2",0,0,600,0,0,0,399.9999847,0,0,0,0,0,0,0,0,10,5.557168,55.57169
"4725","Village 2",0,0,1500,0,0,0,0,0,0,0,0,0,0,0,0,9,5.557168,50.01451
"4726","Village 2",0,0,19.99999952,0,0,0,0,0,0,0,0,0,0,0,0,7,5.557168,38.90018
"4728","Village 2",5599.999878,949.9999695,900,1500,600,3000,0,0,4999.999878,0,600,300,300,0,0,5,5.557168,27.78584
"4736","Village 2",0,750,120,0,0,0,0,0,0,0,0,0,0,0,0,7,5.557168,38.90018
"4741","Village 2",0,4999.999939,1500.000046,899.9999847,0,0,0,0,0,0,0,0,0,0,0,10,5.557168,55.57169
"4744","Village 2",600,99.99999619,0,500.0000153,0,0,0,0,0,0,0,0,900,0,0,3,5.557168,16.6715
"4746","Village 2",0,0,0,0,0,0,0,0,0,0,0,0,0,0,0,3,5.557168,16.6715
"4748","Village 2",0,0,4000.000122,0,0,0,0,0,0,0,0,0,0,0,0,8,5.557168,44.45735
"4757","Village 2",0,0,0,0,0,0,0,0,0,0,0,0,0,0,0,2,5.557168,11.11434
"4759","Village 2",0,0,2640,0,0,0,0,0,0,0,0,0,0,0,0,12,5.557168,66.68602
"4763","Village 2",0,0,0,0,0,0,0,0,0,0,0,0,0,0,0,4,5.557168,22.22867
"4766","Village 2",0,0,350,0,0,0,0,0,0,0,0,0,250,0,0,1,5.557168,5.557168
"4775","Village 3",0,0,1000.000031,0,0,0,0,0,0,0,0,0,0,0,0,6,5.557168,33.34301
"4776","Village 3",0,0,0,0,0,0,0,0,0,0,0,0,0,0,0,3,5.557168,16.6715
"4781","Village 3",0,0,600,0,0,0,0,0,0,0,0,0,0,0,0,6,5.557168,33.34301
"4784","Village 3",0,0,0,0,0,0,0,0,0,0,0,0,0,0,0,6,5.557168,33.34301
"4788","Village 3",0,0,500,0,0,0,0,0,0,0,0,0,0,0,0,7,5.557168,38.90018
"4790","Village 3",0,0,0,0,0,0,0,0,0,0,0,0,0,0,0,9,5.557168,50.01451
"4795","Village 3",0,0,180,0,0,0,0,0,0,0,0,0,0,0,0,9,5.557168,50.01451
"4797","Village 3",0,0,500,0,0,0,3000,0,0,0,0,0,0,0,0,4,5.557168,22.22867
"4799","Village 3",0,0,120,0,0,0,0,0,0,0,0,0,0,0,0,12,5.557168,66.68602
"4808","Village 3",0,0,1000,0,0,0,0,0,0,0,0,0,0,0,0,8,5.557168,44.45735
"4810","Village 3",0,0,1000.000031,1200,0,0,0,0,0,0,0,0,0,0,0,7,5.557168,38.90018
"4820","Village 3",0,0,0,0,0,0,0,0,0,0,0,0,0,0,0,3,5.557168,16.6715
"4823","Village 3",0,0,50,0,0,0,0,0,0,0,0,0,0,0,0,5,5.557168,27.78584
"4824","Village 3",0,0,450,750,0,0,0,0,0,0,0,0,0,0,0,6,5.557168,33.34301
"4826","Village 3",0,0,0,0,0,0,0,0,0,0,0,0,0,0,0,17,5.557168,94.47186
"4836","Village 3",0,0,900,4000.000122,0,0,0,0,0,0,0,0,0,0,0,8,5.557168,44.45735
"4840","Village 3",0,0,0,0,0,0,0,0,0,0,0,0,0,0,0,3,5.557168,16.6715
"4847","Village 3",0,0,0,0,0,0,0,0,0,0,0,0,0,0,0,1,5.557168,5.557168
"4876","Village 3",0,0,280,0,0,0,0,0,0,0,0,0,0,0,0,2,5.557168,11.11434
"4883","Village 3",0,0,1000,0,0,0,0,0,0,0,0,0,0,0,0,7,5.557168,38.90018
"4887","Village 3",0,0,130,0,0,0,0,0,0,0,0,0,0,0,0,7,5.557168,38.90018
"4889","Village 3",0,0,1000,0,0,0,0,0,0,0,0,0,0,0,0,10,5.557168,55.57169
"4894","Village 3",0,0,0,0,0,0,0,0,0,0,0,0,0,0,0,4,5.557168,22.22867
"4898","Village 3",0,0,3000,199.9999924,0,0,0,0,0,0,0,0,0,0,0,8,5.557168,44.45735
"4911","Village 1",0,0,200,0,0,0,0,0,0,0,0,0,100,0,0,11,5.557168,61.12885
"4916","Village 1",0,500,100,2000,1500,0,0,0,300,0,0,0,1000,0,0,3,5.557168,16.6715
"4919","Village 1",0,0,240,0,0,150,0,0,100,0,0,0,100,0,0,5,5.557168,27.78584
"4922","Village 1",0,0,0,0,0,0,0,0,0,0,0,0,0,0,0,1,5.557168,5.557168
"4931","Village 1",0,0,0,699.9999847,0,0,0,0,0,0,0,0,0,0,0,6,5.557168,33.34301
"4933","Village 1",0,0,399.9999847,0,0,0,0,0,0,0,0,0,0,0,0,7,5.557168,38.90018
"4939","Village 1",0,0,0,0,0,18000,0,0,0,0,0,0,0,0,0,1,5.557168,5.557168
"4946","Village 1",0,900,500,0,0,0,0,0,500,0,0,0,0,0,0,8,5.557168,44.45735
"4948","Village 1",0,2100,0,0,0,0,0,0,0,0,0,0,80,0,0,2,5.557168,11.11434
"4952","Village 1",0,0,349.9999924,2000.000061,0,0,0,0,0,0,0,0,0,0,0,3,5.557168,16.6715
"4956","Village 1",0,0,0,700,0,0,0,0,0,0,0,0,0,0,0,3,5.557168,16.6715
"4964","Village 1",0,0,150,0,0,0,0,0,0,0,0,0,0,0,0,9,5.557168,50.01451
"4981","Village 1",0,0,90,0,0,0,0,0,0,0,0,0,300,0,0,1,5.557168,5.557168
"4984","Village 1",0,0,0,0,0,0,0,0,0,0,0,0,0,0,0,10,5.557168,55.57169
"4986","Village 1",0,0,700.0000076,0,0,0,0,0,0,0,0,0,0,0,0,13,5.557168,72.24319
"4999","Village 1",0,0,0,0,0,0,0,0,0,0,0,0,0,0,0,8,5.557168,44.45735
"5002","Village 1",0,0,0,0,0,0,0,0,0,0,0,0,0,0,0,1,5.557168,5.557168
"5006","Village 1",0,850,280,0,0,0,0,0,0,0,0,0,0,0,0,6,5.557168,33.34301
"5007","Village 1",0,0,3000,1200,0,0,0,0,0,0,0,0,0,0,0,6,5.557168,33.34301
"5009","Village 1",0,0,40,0,0,0,0,0,0,0,0,0,0,0,0,6,5.557168,33.34301
"5010","Village 1",0,300,120,2000,0,0,0,750,0,0,0,500,0,0,250,4,5.557168,22.22867
"5013","Village 1",0,0,0,0,0,0,0,0,0,0,0,0,0,0,0,1,5.557168,5.557168
"5016","Village 1",0,0,80,0,0,0,0,0,0,0,0,0,0,0,0,8,5.557168,44.45735
"5017","Village 1",0,0,0,0,0,0,0,0,0,0,0,0,0,0,0,9,5.557168,50.01451
"5020","Village 2",0,1500,770,1000,45000,9000,1000,0,6000,0,0,0,100,0,0,1,5.557168,5.557168
"5025","Village 2",12000.00037,1500.000046,1000.000031,3500,0,0,0,0,0,0,0,0,1000.000031,0,0,7,5.557168,38.90018
"5033","Village 2",0,0,0,0,0,0,0,0,0,0,0,0,0,0,0,3,5.557168,16.6715
"5035","Village 2",0,300,600,700,0,3000,2300,450,6000,280,3400,180,1500,140,7000,5,5.557168,27.78584
"5038","Village 2",1500,2000,0,0,0,0,0,0,0,0,0,0,0,0,0,10,5.557168,55.57169
"5045","Village 2",0,0,80,0,0,0,0,0,0,0,0,0,0,0,0,5,5.557168,27.78584
"5056","Village 2",0,0,0,1500,100200,200,0,500,800,2500,2500,0,100,1500,100,1,5.557168,5.557168
"5081","Village 2",2500,0,1000,0,0,0,0,0,0,0,0,0,100,0,0,1,5.557168,5.557168
"5082","Village 2",0,0,0,0,0,0,0,0,0,0,0,0,0,0,0,4,5.557168,22.22867
"5093","Village 2",0,0,240,0,0,0,0,0,0,0,0,0,0,0,0,8,5.557168,44.45735
"5097","Village 2",900,1500.000046,1000.000031,2399.999908,0,0,299.9999886,0,0,0,0,180,180,0,0,11,5.557168,61.12885
"5108","Village 3",0,0,0,0,0,0,0,0,0,0,0,0,0,0,0,5,5.557168,27.78584
"5113","Village 3",0,0,720,0,4000.000122,2000.000061,0,0,0,900,1599.999939,1399.999969,500.0000153,0,0,6,5.557168,33.34301
"5132","Village 3",0,0,0,0,0,0,0,0,0,0,0,0,0,0,0,6,5.557168,33.34301
"5136","Village 3",0,0,0,0,0,0,0,0,0,0,0,0,0,0,0,9,5.557168,50.01451
"5140","Village 3",0,0,380,600,0,0,0,0,0,0,0,0,0,0,0,4,5.557168,22.22867
"5141","Village 3",0,0,0,0,0,0,0,0,0,0,0,0,0,0,0,6,5.557168,33.34301
"5153","Village 3",0,0,199.9999924,0,0,0,0,0,0,0,0,0,0,0,0,3,5.557168,16.6715
"5161","Village 3",0,0,200,0,0,0,0,0,0,0,0,0,0,0,0,3,5.557168,16.6715
"5175","Village 3",0,0,2500,0,0,0,0,0,0,0,0,0,0,0,0,8,5.557168,44.45735
"5181","Village 3",0,0,3000,2500,0,0,0,0,0,0,0,0,0,0,0,8,5.557168,44.45735
"5192","Village 3",0,1500.000046,700,8799.999756,0,0,0,250.0000076,0,0,0,0,0,0,329.9999962,14,5.557168,77.80036
"5206","Village 3",0,0,400,0,0,0,0,0,0,0,0,0,0,0,0,5,5.557168,27.78584
"5218","Village 1",0,799.9999695,3000,0,0,0,0,0,0,0,0,0,0,0,0,10,5.557168,55.57169
"5219","Village 1",0,850,0,0,0,0,0,0,0,0,0,0,20,0,0,1,5.557168,5.557168
"5220","Village 1",0,0,3,0,0,0,0,0,0,0,0,0,0,0,0,4,5.557168,22.22867
"5222","Village 1",0,0,0,0,0,0,0,0,0,0,0,0,0,0,0,6,5.557168,33.34301
"5225","Village 1",0,0,900,0,0,0,0,0,0,0,0,0,0,0,0,8,5.557168,44.45735
"5227","Village 1",0,0,50,0,0,0,0,0,0,0,0,0,0,0,0,4,5.557168,22.22867
"5231","Village 1",0,3799.999817,0,0,0,0,0,0,0,0,0,0,0,0,0,9,5.557168,50.01451
"5236","Village 1",0,0,0,0,0,0,0,0,0,0,0,0,0,0,0,6,5.557168,33.34301
"5240","Village 1",0,600,1219.999969,799.9999695,0,0,0,0,0,0,0,0,0,0,0,7,5.557168,38.90018
"5249","Village 1",0,0,600,0,0,500,0,0,0,0,0,0,0,600,0,5,5.557168,27.78584
"5252","Village 1",0,2199.999939,600,0,0,0,0,0,0,0,0,0,0,0,0,10,5.557168,55.57169
"5253","Village 1",0,0,4000,0,0,0,0,0,0,0,0,0,0,0,0,8,5.557168,44.45735
"5267","Village 1",0,0,0,800,0,0,0,0,0,0,0,0,0,0,0,4,5.557168,22.22867
"5268","Village 1",0,1300,200,0,450,3000,0,0,0,0,0,0,500,450,0,4,5.557168,22.22867
"5270","Village 1",0,0,0,0,0,0,0,0,0,0,0,0,0,0,0,8,5.557168,44.45735
"5272","Village 1",0,0,830,0,0,0,0,0,0,0,0,0,0,0,0,5,5.557168,27.78584
"5275","Village 1",0,4249.999878,560.0000153,2100,0,0,0,0,0,0,4999.999878,280.0000076,859.9999695,0,0,7,5.557168,38.90018
"5283","Village 1",0,4000,1500,0,0,0,0,0,0,0,0,0,0,0,0,8,5.557168,44.45735
"5284","Village 1",0,0,0,0,0,0,0,0,0,0,0,0,0,0,0,2,5.557168,11.11434
"5293","Village 1",0,0,0,0,0,0,0,0,0,0,0,0,0,0,0,1,5.557168,5.557168
"5305","Village 2",0,0,900,0,0,0,0,0,0,0,0,0,0,0,0,7,5.557168,38.90018
"5321","Village 2",0,0,0,0,0,0,1000,0,0,0,0,0,0,0,0,6,5.557168,33.34301
"5327","Village 2",0,0,1599.999939,0,0,0,0,0,0,0,0,0,0,0,0,6,5.557168,33.34301
"5328","Village 2",0,0,120,0,0,0,0,0,0,0,0,0,0,0,0,4,5.557168,22.22867
"5339","Village 2",0,283.3333435,105,2000,0,0,0,0,0,0,0,0,0,0,0,1,5.557168,5.557168
"5345","Village 2",2400,600,460,2000,0,0,0,0,0,0,0,0,0,0,400,9,5.557168,50.01451
"5353","Village 2",0,0,0,0,0,0,0,0,0,0,0,0,0,0,0,3,5.557168,16.6715
"5366","Village 2",0,0,0,0,0,0,0,0,0,0,0,0,0,0,0,2,5.557168,11.11434
"5371","Village 3",0,0,0,0,0,0,0,0,0,0,0,0,0,0,0,5,5.557168,27.78584
"5378","Village 3",0,0,0,0,0,0,0,0,0,0,0,0,0,0,0,8,5.557168,44.45735
"5383","Village 3",0,0,0,0,0,0,0,0,0,0,0,150,0,0,50,2,5.557168,11.11434
"5389","Village 3",0,0,699.9999847,1500,0,0,0,0,0,0,0,0,0,0,0,9,5.557168,50.01451
"5393","Village 3",0,0,180,0,0,0,0,0,0,0,0,0,0,0,0,5,5.557168,27.78584
"5413","Village 3",0,0,0,0,0,0,0,0,0,0,0,0,0,0,0,3,5.557168,16.6715
"5414","Village 3",0,0,0,0,0,0,0,0,0,0,0,0,0,0,0,6,5.557168,33.34301
"5427","Village 3",0,0,40.00000191,4.00000003,0,0,0,0,0,0,0,0,0,0,0,11,5.557168,61.12885
"5449","Village 3",0,0,500.0000153,0,0,0,0,0,0,0,0,0,399.9999847,0,0,6,5.557168,33.34301
"5450","Village 3",0,0,500.0000153,0,0,0,0,0,0,0,0,0,70,0,0,7,5.557168,38.90018
"5463","Village 3",0,0,0,0,0,0,0,0,0,0,0,0,0,0,0,3,5.557168,16.6715
"5465","Village 3",0,0,500,450,0,0,0,0,0,0,0,0,0,0,0,2,5.557168,11.11434
"5466","Village 1",0,0,0,0,0,0,0,0,0,0,0,0,0,0,0,10,5.557168,55.57169
"5479","Village 1",0,0,0,0,0,0,0,0,0,0,0,0,0,0,0,7,5.557168,38.90018
"5493","Village 1",0,0,0,0,0,0,0,0,0,0,0,0,0,0,0,1,5.557168,5.557168
"5497","Village 1",0,0,0,0,0,0,0,0,0,0,0,0,0,0,0,6,5.557168,33.34301
"5507","Village 1",0,0,0,0,0,0,0,0,0,0,0,0,0,0,0,2,5.557168,11.11434
"5508","Village 1",0,0,0,0,0,0,0,0,0,0,0,0,0,0,0,2,5.557168,11.11434
"5515","Village 1",0,0,0,0,0,0,0,0,0,0,0,0,0,0,0,4,5.557168,22.22867
"5518","Village 1",0,0,120,0,0,0,0,0,0,0,0,0,0,0,0,3,5.557168,16.6715
"5534","Village 2",0,0,0,0,0,0,0,0,0,0,0,0,0,0,0,6,5.557168,33.34301
"5535","Village 2",0,0,120,0,0,0,0,0,0,0,0,0,0,0,0,8,5.557168,44.45735
"5541","Village 2",0,0,200,0,0,0,0,0,0,0,0,0,0,0,0,5,5.557168,27.78584
"5544","Village 2",0,0,290,800,0,0,0,0,0,0,0,0,0,0,0,5,5.557168,27.78584
"5551","Village 2",2499.999969,6000.000183,600.0000076,0,0,0,600.0000076,500.0000153,0,0,0,0,0,0,0,8,5.557168,44.45735
"5553","Village 2",3000,0,1000,0,0,0,0,0,1500,1500,1500,220,500,0,4000,7,5.557168,38.90018
"5555","Village 2",0,0,500,0,0,0,0,0,0,0,0,0,0,0,0,6,5.557168,33.34301
"5567","Village 2",0,0,1000,0,0,0,0,0,0,0,0,0,0,0,0,8,5.557168,44.45735
"5576","Village 3",0,0,480,0,0,0,0,0,0,0,0,0,0,0,0,6,5.557168,33.34301
"5579","Village 3",0,0,0,0,0,0,0,0,0,0,0,0,0,0,0,3,5.557168,16.6715
"5582","Village 3",0,0,0,0,0,0,0,0,0,0,0,0,0,0,0,11,5.557168,61.12885
"5590","Village 3",0,0,0,0,0,0,0,0,0,0,0,0,0,0,0,2,5.557168,11.11434
"5591","Village 3",0,0,500,3200,0,0,0,0,0,0,0,0,0,0,80,7,5.557168,38.90018
"5600","Village 3",0,0,0,0,0,0,0,0,0,0,0,0,0,0,0,5,5.557168,27.78584
"5604","Village 3",3600,0,120,0,0,0,0,0,0,200,1500,250,500,0,0,1,5.557168,5.557168
"5608","Village 3",0,0,1500,0,0,0,0,0,0,0,0,0,200,0,0,4,5.557168,22.22867
"5611","Village 3",0,0,360,0,0,0,0,0,0,0,0,0,0,0,0,6,5.557168,33.34301
"5615","Village 3",0,0,2520,0,0,0,0,0,0,0,0,0,0,0,0,7,5.557168,38.90018
"5626","Village 3",0,0,1000,0,0,0,0,0,0,0,0,0,0,0,0,11,5.557168,61.12885
"5629","Village 3",0,0,20,0,0,0,0,0,0,0,0,0,0,0,0,4,5.557168,22.22867
"5639","Village 3",0,0,0,0,0,0,0,0,0,0,0,0,0,0,0,3,5.557168,16.6715
"5641","Village 3",0,0,60,0,0,0,0,0,500,0,0,0,0,0,0,5,5.557168,27.78584
"5643","Village 3",0,0,5,0,0,0,0,0,0,0,0,0,0,0,0,9,5.557168,50.01451
"5645","Village 3",600,0,500.0000153,0,0,0,0,0,0,0,0,0,0,0,0,5,5.557168,27.78584
"5652","Village 3",0,0,60,0,0,0,0,0,0,0,0,0,0,0,0,6,5.557168,33.34301
"5653","Village 3",0,0,500,0,0,0,0,200,0,0,0,0,100,0,0,3,5.557168,16.6715
"5662","Village 1",0,3400.000122,1680,1099.999969,0,0,0,49.99999809,0,0,0,0,70.00000191,0,0,14,5.557168,77.80036
"5666","Village 1",0,0,250,1000,0,0,0,0,0,0,0,0,3000,0,0,4,5.557168,22.22867
"5667","Village 1",0,0,240,0,0,0,0,0,0,0,0,0,0,0,0,4,5.557168,22.22867
"5669","Village 1",0,0,0,0,0,0,0,0,0,0,0,0,0,0,0,2,5.557168,11.11434
"5670","Village 1",0,0,5,0,0,0,0,0,0,0,0,0,0,0,0,4,5.557168,22.22867
"5678","Village 1",0,0,0,0,0,0,0,0,0,0,0,0,0,0,0,1,5.557168,5.557168
"5681","Village 1",0,0,1000.000031,0,0,0,0,0,0,0,0,0,0,0,0,11,5.557168,61.12885
"5692","Village 2",0,0,0,0,0,0,0,0,0,0,0,0,0,0,0,4,5.557168,22.22867
"5695","Village 2",0,0,50,0,0,0,0,0,0,0,0,0,0,0,0,5,5.557168,27.78584
"5699","Village 2",0,0,60,0,0,0,0,0,0,0,0,0,0,0,0,4,5.557168,22.22867
"5711","Village 2",0,0,120,0,0,0,0,0,0,0,0,0,0,0,0,6,5.557168,33.34301
"5714","Village 2",0,0,0,0,0,0,0,0,0,0,0,0,0,0,0,4,5.557168,22.22867
"5716","Village 2",0,0,0,700,0,0,0,0,0,0,0,0,0,0,0,1,5.557168,5.557168
"5717","Village 2",0,0,1440,0,0,0,0,0,0,0,0,0,0,0,0,7,5.557168,38.90018
"5718","Village 2",0,500,170,0,0,1000,80,0,0,0,0,50,0,0,0,1,5.557168,5.557168
"5723","Village 2",0,0,0,0,0,0,0,0,0,0,0,0,0,0,0,4,5.557168,22.22867
"5724","Village 3",0,0,0,0,0,0,0,0,0,0,0,0,0,0,0,5,5.557168,27.78584
"5727","Village 3",0,0,140,0,0,0,0,0,0,0,0,0,0,0,0,6,5.557168,33.34301
"5732","Village 3",0,0,0,0,0,0,0,50,0,0,0,0,0,0,0,4,5.557168,22.22867
"5737","Village 3",0,0,3780,0,0,0,0,0,0,0,0,0,0,0,0,11,5.557168,61.12885
"5746","Village 3",0,0,764,0,0,0,0,0,0,0,0,0,0,0,0,5,5.557168,27.78584
"5772","Village 3",0,0,120,0,0,0,0,0,0,0,0,0,0,0,0,4,5.557168,22.22867
"5775","Village 3",0,0,0,0,0,0,0,0,0,0,0,0,0,0,0,5,5.557168,27.78584
"5776","Village 3",0,0,0,0,0,0,0,0,0,0,0,0,0,0,0,6,5.557168,33.34301
"5779","Village 3",0,0,530,0,0,0,0,0,0,0,0,0,0,0,0,4,5.557168,22.22867
"5795","Village 1",0,2800,0,0,0,0,0,50,0,0,0,0,0,0,0,7,5.557168,38.90018
"5803","Village 1",0,400,700,600,0,0,0,0,400,0,0,0,0,0,0,5,5.557168,27.78584
"5807","Village 1",0,0,500,0,0,0,0,0,0,0,0,0,0,0,0,7,5.557168,38.90018
"5812","Village 2",0,0,0,0,0,0,0,0,0,0,0,0,0,0,0,2,5.557168,11.11434
"5813","Village 2",0,150,150,0,0,0,0,0,0,0,0,0,0,0,0,1,5.557168,5.557168
"5814","Village 2",0,0,0,0,0,0,0,0,0,0,0,0,0,0,0,3,5.557168,16.6715
"5817","Village 2",0,2.00000006,79.00000191,0,0,0,0,0,0,0,0,0,0,0,0,6,5.557168,33.34301
"5820","Village 2",1000.000031,0,310.0000076,0,0,0,0,0,0,0,0,0,220.0000076,0,0,4,5.557168,22.22867
"5834","Village 3",0,0,100,0,0,0,0,0,0,0,0,0,0,0,0,5,5.557168,27.78584
"5837","Village 3",0,0,500.0000153,0,0,0,0,0,0,0,0,0,0,0,0,8,5.557168,44.45735
"5843","Village 3",0,2499.999939,0,1899.999939,0,1800,0,0,99.99999619,0,0,0,0,0,0,7,5.557168,38.90018
"5864","Village 3",0,0,260,0,0,0,0,0,0,0,0,0,0,0,0,2,5.557168,11.11434
"5869","Village 3",199.9999924,4999.999878,1000.000031,0,0,0,0,0,0,0,0,0,0,0,0,15,5.557168,83.35753
"5877","Village 3",0,0,0,0,0,0,0,0,0,0,0,0,0,0,0,2,5.557168,11.11434
"5879","Village 3",0,0,0,0,0,0,0,0,0,0,0,0,0,0,0,4,5.557168,22.22867
"5881","Village 3",0,1133.333374,1500,500,0,0,0,0,500,0,0,100,0,0,50,5,5.557168,27.78584
"5892","Village 2",0,0,180,0,0,0,0,0,0,0,0,0,0,0,0,6,5.557168,33.34301
"5896","Village 2",0,0,300,0,0,0,0,0,0,0,0,0,0,0,0,4,5.557168,22.22867
"5902","Village 2",0,0,0,0,0,0,0,0,0,0,0,0,0,0,0,1,5.557168,5.557168
"5909","Village 3",0,150,49.99999809,0,0,0,0,0,0,0,0,9.999999762,0,0,0,5,5.557168,27.78584
"5914","Village 3",0,0,0,0,0,0,0,0,0,0,0,0,0,0,0,4,5.557168,22.22867
"5917","Village 3",0,0,0,0,0,0,0,0,0,0,0,0,0,0,0,4,5.557168,22.22867
"5929","Village 3",0,0,2000.000061,0,0,0,0,0,0,0,0,0,0,0,0,10,5.557168,55.57169
"5943","Village 2",300,0,30,0,0,0,0,0,0,0,0,0,99.99999619,0,0,6,5.557168,33.34301
"5946","Village 2",0,600,300,0,0,0,0,0,0,0,0,0,0,0,0,6,5.557168,33.34301
"5953","Village 3",0,0,0,0,0,0,0,0,0,0,0,0,0,0,0,3,5.557168,16.6715
"5957","Village 3",0,1500,0,0,0,0,0,100,0,0,0,0,0,0,0,5,5.557168,27.78584
"5971","Village 3",0,0,0,0,0,0,0,0,0,0,0,0,0,0,0,4,5.557168,22.22867
"5976","Village 3",0,2700,810,0,0,0,0,0,0,0,0,0,0,0,300,8,5.557168,44.45735
"5977","Village 3",0,600.0000076,7560,0,0,0,0,0,0,0,0,0,0,0,0,15,5.557168,83.35753
"5986","Village 3",0,0,0,0,0,0,0,0,0,0,0,0,0,0,0,2,5.557168,11.11434
"5992","Village 2",0,0,0,0,0,0,0,0,0,0,0,0,250,0,0,1,5.557168,5.557168
"6002","Village 3",0,0,50,0,0,0,0,0,0,0,0,0,0,0,0,4,5.557168,22.22867
"6004","Village 3",0,0,1000.000031,0,0,0,0,0,0,0,0,0,0,0,0,12,5.557168,66.68602
